deal_id,created_date,closed_date,sales_rep_id,industry,region,product_type,lead_source,deal_stage,deal_amount,sales_cycle_days,outcome,won,created_year,created_month,created_quarter,closed_quarter,period,deal_size_band,cycle_band,rep_win_rate,rep_quartile,risk_score,risk_score_pct,risk_tier,risk_factors,recommended_action
D03479,2024-02-17,2024-04-05,rep_20,EdTech,India,Pro,Outbound,Demo,97199,48,Lost,0,2024,2,2024Q1,2024Q2,2024Q1,Enterprise (60K+),Slow (45-80d),0.46956521739130436,Q2,0.836606965377118,83.7,Critical Risk,"Large deal: $97,199 | Lead Source: Outbound",Escalate to senior rep + schedule executive sponsor call
D03242,2024-02-10,2024-04-04,rep_5,EdTech,India,Core,Partner,Negotiation,98426,54,Lost,0,2024,2,2024Q1,2024Q2,2024Q1,Enterprise (60K+),Slow (45-80d),0.4577114427860697,Q2,0.8316769630843398,83.2,Critical Risk,"Large deal: $98,426 | Lead Source: Partner",Escalate to senior rep + schedule executive sponsor call
D00733,2024-01-16,2024-01-25,rep_20,EdTech,Europe,Core,Referral,Qualified,7575,9,Lost,0,2024,1,2024Q1,2024Q1,2024Q1,Small (<10K),Fast (<20d),0.46956521739130436,Q2,0.8316780855482379,83.2,Critical Risk,Lead Source: Referral,Escalate to senior rep + schedule executive sponsor call
D02188,2024-02-28,2024-06-27,rep_24,SaaS,India,Core,Outbound,Negotiation,72126,120,Lost,0,2024,2,2024Q1,2024Q2,2024Q1,Enterprise (60K+),Stalled (80d+),0.4482758620689655,Q3,0.827628127377139,82.8,Critical Risk,"Long cycle: 120d | Large deal: $72,126 | Lead Source: Outbound",Escalate to senior rep + schedule executive sponsor call
D03878,2024-01-09,2024-03-06,rep_2,FinTech,North America,Core,Partner,Demo,98217,57,Lost,0,2024,1,2024Q1,2024Q1,2024Q1,Enterprise (60K+),Slow (45-80d),0.46153846153846156,Q2,0.8250128915159362,82.5,Critical Risk,"Large deal: $98,217 | Lead Source: Partner",Escalate to senior rep + schedule executive sponsor call
D04425,2024-03-14,2024-03-21,rep_5,HealthTech,APAC,Core,Referral,Closed,4040,7,Won,1,2024,3,2024Q1,2024Q1,2024Q1,Small (<10K),Fast (<20d),0.4577114427860697,Q2,0.8219621088982079,82.2,Critical Risk,Lead Source: Referral,Escalate to senior rep + schedule executive sponsor call
D02169,2024-02-22,2024-04-19,rep_9,HealthTech,India,Pro,Outbound,Demo,97822,57,Lost,0,2024,2,2024Q1,2024Q2,2024Q1,Enterprise (60K+),Slow (45-80d),0.44623655913978494,Q3,0.8104062712040078,81.0,Critical Risk,"Large deal: $97,822 | Lead Source: Outbound",Escalate to senior rep + schedule executive sponsor call
D02016,2024-02-13,2024-03-24,rep_6,FinTech,APAC,Pro,Outbound,Demo,97505,40,Lost,0,2024,2,2024Q1,2024Q1,2024Q1,Enterprise (60K+),Normal (20-45d),0.42786069651741293,Q4 (Bottom),0.8049416587376195,80.5,Critical Risk,"Large deal: $97,505 | Lead Source: Outbound",Escalate to senior rep + schedule executive sponsor call
D04575,2024-03-23,2024-03-30,rep_3,EdTech,Europe,Enterprise,Inbound,Negotiation,6590,7,Lost,0,2024,3,2024Q1,2024Q1,2024Q1,Small (<10K),Fast (<20d),0.4722222222222222,Q1 (Top),0.8051963488229913,80.5,Critical Risk,Lead Source: Inbound,Escalate to senior rep + schedule executive sponsor call
D04199,2024-03-26,2024-04-04,rep_22,HealthTech,North America,Core,Partner,Qualified,7634,9,Lost,0,2024,3,2024Q1,2024Q2,2024Q1,Small (<10K),Fast (<20d),0.4009433962264151,Q4 (Bottom),0.7979777596553166,79.8,Critical Risk,Lead Source: Partner,Escalate to senior rep + schedule executive sponsor call
D01734,2024-01-06,2024-01-13,rep_17,Ecommerce,Europe,Enterprise,Partner,Qualified,6632,7,Lost,0,2024,1,2024Q1,2024Q1,2024Q1,Small (<10K),Fast (<20d),0.44571428571428573,Q3,0.7934666791389396,79.3,Critical Risk,Lead Source: Partner,Escalate to senior rep + schedule executive sponsor call
D04677,2024-03-21,2024-03-28,rep_8,Ecommerce,APAC,Enterprise,Outbound,Demo,6225,7,Won,1,2024,3,2024Q1,2024Q1,2024Q1,Small (<10K),Fast (<20d),0.48128342245989303,Q1 (Top),0.7909856817558815,79.1,Critical Risk,Lead Source: Outbound,Escalate to senior rep + schedule executive sponsor call
D04788,2024-02-06,2024-05-28,rep_7,SaaS,India,Pro,Outbound,Negotiation,3426,112,Won,1,2024,2,2024Q1,2024Q2,2024Q1,Small (<10K),Stalled (80d+),0.4166666666666667,Q4 (Bottom),0.7812316100779576,78.1,Critical Risk,Long cycle: 112d | Lead Source: Outbound,Escalate to senior rep + schedule executive sponsor call
D03369,2024-03-04,2024-03-12,rep_4,EdTech,North America,Enterprise,Inbound,Demo,7410,8,Won,1,2024,3,2024Q1,2024Q1,2024Q1,Small (<10K),Fast (<20d),0.458128078817734,Q2,0.7803873963582719,78.0,Critical Risk,Lead Source: Inbound,Escalate to senior rep + schedule executive sponsor call
D01945,2024-02-13,2024-06-06,rep_14,EdTech,APAC,Core,Outbound,Demo,3476,114,Lost,0,2024,2,2024Q1,2024Q2,2024Q1,Small (<10K),Stalled (80d+),0.4396135265700483,Q4 (Bottom),0.7781235227936082,77.8,Critical Risk,Long cycle: 114d | Lead Source: Outbound,Escalate to senior rep + schedule executive sponsor call
D03944,2024-03-23,2024-03-30,rep_21,FinTech,North America,Pro,Inbound,Negotiation,5130,7,Won,1,2024,3,2024Q1,2024Q1,2024Q1,Small (<10K),Fast (<20d),0.5096153846153846,Q1 (Top),0.769491060767993,76.9,Critical Risk,Lead Source: Inbound,Escalate to senior rep + schedule executive sponsor call
D03952,2024-02-18,2024-04-01,rep_18,FinTech,North America,Core,Outbound,Closed,97450,43,Lost,0,2024,2,2024Q1,2024Q2,2024Q1,Enterprise (60K+),Normal (20-45d),0.40860215053763443,Q4 (Bottom),0.7666818344984055,76.7,Critical Risk,"Large deal: $97,450 | Lead Source: Outbound",Escalate to senior rep + schedule executive sponsor call
D00531,2024-01-14,2024-04-21,rep_11,SaaS,North America,Pro,Outbound,Negotiation,97616,98,Lost,0,2024,1,2024Q1,2024Q2,2024Q1,Enterprise (60K+),Stalled (80d+),0.465,Q2,0.7640897097453254,76.4,Critical Risk,"Long cycle: 98d | Large deal: $97,616 | Lead Source: Outbound",Escalate to senior rep + schedule executive sponsor call
D00536,2024-03-19,2024-03-29,rep_23,Ecommerce,India,Pro,Referral,Proposal,71677,10,Won,1,2024,3,2024Q1,2024Q1,2024Q1,Enterprise (60K+),Fast (<20d),0.44565217391304346,Q3,0.7600976684390235,76.0,Critical Risk,"Large deal: $71,677 | Lead Source: Referral",Escalate to senior rep + schedule executive sponsor call
D02829,2024-02-26,2024-03-31,rep_2,Ecommerce,North America,Enterprise,Referral,Demo,84068,34,Lost,0,2024,2,2024Q1,2024Q1,2024Q1,Enterprise (60K+),Normal (20-45d),0.46153846153846156,Q2,0.7466411608965359,74.7,Critical Risk,"Large deal: $84,068 | Lead Source: Referral",Escalate to senior rep + schedule executive sponsor call
D01155,2024-01-11,2024-05-03,rep_8,HealthTech,India,Pro,Inbound,Demo,3085,113,Lost,0,2024,1,2024Q1,2024Q2,2024Q1,Small (<10K),Stalled (80d+),0.48128342245989303,Q1 (Top),0.7433799920523289,74.3,Critical Risk,Long cycle: 113d | Lead Source: Inbound,Escalate to senior rep + schedule executive sponsor call
D03094,2024-02-18,2024-06-15,rep_13,SaaS,APAC,Enterprise,Partner,Negotiation,78254,118,Lost,0,2024,2,2024Q1,2024Q2,2024Q1,Enterprise (60K+),Stalled (80d+),0.441025641025641,Q4 (Bottom),0.741043598033137,74.1,Critical Risk,"Long cycle: 118d | Large deal: $78,254 | Lead Source: Partner",Escalate to senior rep + schedule executive sponsor call
D00592,2024-02-14,2024-05-17,rep_13,HealthTech,APAC,Core,Inbound,Qualified,2537,93,Lost,0,2024,2,2024Q1,2024Q2,2024Q1,Small (<10K),Stalled (80d+),0.441025641025641,Q4 (Bottom),0.7358025043160104,73.6,Critical Risk,Long cycle: 93d | Lead Source: Inbound,Escalate to senior rep + schedule executive sponsor call
D04345,2024-01-06,2024-02-28,rep_19,SaaS,India,Core,Outbound,Demo,72882,53,Won,1,2024,1,2024Q1,2024Q1,2024Q1,Enterprise (60K+),Slow (45-80d),0.47959183673469385,Q1 (Top),0.7351034083810094,73.5,Critical Risk,"Large deal: $72,882 | Lead Source: Outbound",Escalate to senior rep + schedule executive sponsor call
D01011,2024-02-05,2024-05-30,rep_18,SaaS,India,Enterprise,Inbound,Demo,3865,115,Lost,0,2024,2,2024Q1,2024Q2,2024Q1,Small (<10K),Stalled (80d+),0.40860215053763443,Q4 (Bottom),0.7251775422500397,72.5,Critical Risk,Long cycle: 115d | Lead Source: Inbound,Escalate to senior rep + schedule executive sponsor call
D04717,2024-01-22,2024-04-30,rep_1,EdTech,North America,Pro,Referral,Negotiation,3263,99,Won,1,2024,1,2024Q1,2024Q2,2024Q1,Small (<10K),Stalled (80d+),0.4549763033175355,Q2,0.7170354114757577,71.7,Critical Risk,Long cycle: 99d | Lead Source: Referral,Escalate to senior rep + schedule executive sponsor call
D03502,2024-02-08,2024-02-23,rep_25,FinTech,North America,Enterprise,Partner,Proposal,98527,15,Lost,0,2024,2,2024Q1,2024Q1,2024Q1,Enterprise (60K+),Fast (<20d),0.45365853658536587,Q3,0.7138952814674023,71.4,Critical Risk,"Large deal: $98,527 | Lead Source: Partner",Escalate to senior rep + schedule executive sponsor call
D02307,2024-02-08,2024-05-14,rep_14,SaaS,North America,Enterprise,Partner,Negotiation,20449,96,Lost,0,2024,2,2024Q1,2024Q2,2024Q1,Mid (10-30K),Stalled (80d+),0.4396135265700483,Q4 (Bottom),0.7115986114909902,71.2,Critical Risk,Long cycle: 96d | Lead Source: Partner,Escalate to senior rep + schedule executive sponsor call
D01835,2024-03-11,2024-04-11,rep_10,EdTech,APAC,Pro,Inbound,Demo,2012,31,Lost,0,2024,3,2024Q1,2024Q2,2024Q1,Small (<10K),Normal (20-45d),0.42408376963350786,Q4 (Bottom),0.7099503040720626,71.0,Critical Risk,Lead Source: Inbound,Escalate to senior rep + schedule executive sponsor call
D01994,2024-03-03,2024-03-29,rep_9,Ecommerce,India,Core,Outbound,Negotiation,98082,26,Won,1,2024,3,2024Q1,2024Q1,2024Q1,Enterprise (60K+),Normal (20-45d),0.44623655913978494,Q3,0.7081133778075368,70.8,Critical Risk,"Large deal: $98,082 | Lead Source: Outbound",Escalate to senior rep + schedule executive sponsor call
D01355,2024-03-05,2024-05-31,rep_2,EdTech,India,Core,Outbound,Negotiation,3846,87,Won,1,2024,3,2024Q1,2024Q2,2024Q1,Small (<10K),Stalled (80d+),0.46153846153846156,Q2,0.7078324900195831,70.8,Critical Risk,Long cycle: 87d | Lead Source: Outbound,Escalate to senior rep + schedule executive sponsor call
D00139,2024-03-01,2024-05-02,rep_2,Ecommerce,APAC,Core,Referral,Negotiation,3818,62,Won,1,2024,3,2024Q1,2024Q2,2024Q1,Small (<10K),Slow (45-80d),0.46153846153846156,Q2,0.7072823276034866,70.7,Critical Risk,Lead Source: Referral,Escalate to senior rep + schedule executive sponsor call
D00406,2024-03-25,2024-07-10,rep_20,SaaS,North America,Enterprise,Referral,Demo,83208,107,Lost,0,2024,3,2024Q1,2024Q3,2024Q1,Enterprise (60K+),Stalled (80d+),0.46956521739130436,Q2,0.705825170606317,70.6,Critical Risk,"Long cycle: 107d | Large deal: $83,208 | Lead Source: Referral",Escalate to senior rep + schedule executive sponsor call
D00886,2024-01-26,2024-05-18,rep_5,SaaS,North America,Core,Inbound,Proposal,2358,113,Lost,0,2024,1,2024Q1,2024Q2,2024Q1,Small (<10K),Stalled (80d+),0.4577114427860697,Q2,0.7050050425716126,70.5,Critical Risk,Long cycle: 113d | Lead Source: Inbound,Escalate to senior rep + schedule executive sponsor call
D04393,2024-02-14,2024-04-05,rep_17,Ecommerce,APAC,Core,Referral,Closed,11555,51,Won,1,2024,2,2024Q1,2024Q2,2024Q1,Mid (10-30K),Slow (45-80d),0.44571428571428573,Q3,0.7049888234642014,70.5,Critical Risk,Lead Source: Referral,Escalate to senior rep + schedule executive sponsor call
D00476,2024-02-01,2024-05-07,rep_13,SaaS,Europe,Enterprise,Outbound,Negotiation,3104,96,Won,1,2024,2,2024Q1,2024Q2,2024Q1,Small (<10K),Stalled (80d+),0.441025641025641,Q4 (Bottom),0.7039046910625802,70.4,Critical Risk,Long cycle: 96d | Lead Source: Outbound,Escalate to senior rep + schedule executive sponsor call
D03535,2024-01-15,2024-05-10,rep_18,SaaS,India,Pro,Partner,Demo,5934,116,Won,1,2024,1,2024Q1,2024Q2,2024Q1,Small (<10K),Stalled (80d+),0.40860215053763443,Q4 (Bottom),0.7038863357146871,70.4,Critical Risk,Long cycle: 116d | Lead Source: Partner,Escalate to senior rep + schedule executive sponsor call
D03558,2024-03-25,2024-04-01,rep_11,FinTech,Europe,Core,Inbound,Closed,4852,7,Lost,0,2024,3,2024Q1,2024Q2,2024Q1,Small (<10K),Fast (<20d),0.465,Q2,0.699593187457572,70.0,Critical Risk,Lead Source: Inbound,Escalate to senior rep + schedule executive sponsor call
D03271,2024-02-29,2024-06-07,rep_16,SaaS,India,Pro,Inbound,Qualified,92813,99,Won,1,2024,2,2024Q1,2024Q2,2024Q1,Enterprise (60K+),Stalled (80d+),0.47085201793721976,Q1 (Top),0.6996852825807285,70.0,Critical Risk,"Long cycle: 99d | Large deal: $92,813 | Lead Source: Inbound",Escalate to senior rep + schedule executive sponsor call
D01763,2024-02-21,2024-04-04,rep_8,HealthTech,India,Core,Partner,Demo,91363,43,Won,1,2024,2,2024Q1,2024Q2,2024Q1,Enterprise (60K+),Normal (20-45d),0.48128342245989303,Q1 (Top),0.6948047845113579,69.5,Critical Risk,"Large deal: $91,363 | Lead Source: Partner",Escalate to senior rep + schedule executive sponsor call
D01081,2024-02-25,2024-06-22,rep_9,SaaS,Europe,Core,Outbound,Negotiation,68139,118,Won,1,2024,2,2024Q1,2024Q2,2024Q1,Enterprise (60K+),Stalled (80d+),0.44623655913978494,Q3,0.693909909899846,69.4,Critical Risk,"Long cycle: 118d | Large deal: $68,139 | Lead Source: Outbound",Escalate to senior rep + schedule executive sponsor call
D00109,2024-03-12,2024-06-10,rep_8,Ecommerce,APAC,Pro,Referral,Negotiation,19810,90,Lost,0,2024,3,2024Q1,2024Q2,2024Q1,Mid (10-30K),Stalled (80d+),0.48128342245989303,Q1 (Top),0.6929019680613262,69.3,Critical Risk,Long cycle: 90d | Lead Source: Referral,Escalate to senior rep + schedule executive sponsor call
D02258,2024-02-14,2024-02-22,rep_2,SaaS,India,Enterprise,Partner,Qualified,9271,8,Lost,0,2024,2,2024Q1,2024Q1,2024Q1,Small (<10K),Fast (<20d),0.46153846153846156,Q2,0.6932342923723248,69.3,Critical Risk,Lead Source: Partner,Escalate to senior rep + schedule executive sponsor call
D02975,2024-02-29,2024-03-08,rep_2,HealthTech,India,Enterprise,Inbound,Negotiation,5869,8,Won,1,2024,2,2024Q1,2024Q1,2024Q1,Small (<10K),Fast (<20d),0.46153846153846156,Q2,0.6896158485460813,69.0,Critical Risk,Lead Source: Inbound,Escalate to senior rep + schedule executive sponsor call
D01688,2024-02-05,2024-04-30,rep_12,Ecommerce,North America,Enterprise,Referral,Demo,14078,85,Won,1,2024,2,2024Q1,2024Q2,2024Q1,Mid (10-30K),Stalled (80d+),0.48333333333333334,Q1 (Top),0.686905293128916,68.7,Critical Risk,Long cycle: 85d | Lead Source: Referral,Escalate to senior rep + schedule executive sponsor call
D03033,2024-03-09,2024-03-18,rep_18,FinTech,APAC,Pro,Inbound,Negotiation,34121,9,Lost,0,2024,3,2024Q1,2024Q1,2024Q1,Large (30-60K),Fast (<20d),0.40860215053763443,Q4 (Bottom),0.6867546355284988,68.7,Critical Risk,Lead Source: Inbound,Escalate to senior rep + schedule executive sponsor call
D01956,2024-01-16,2024-04-23,rep_1,FinTech,North America,Core,Partner,Closed,5714,98,Lost,0,2024,1,2024Q1,2024Q2,2024Q1,Small (<10K),Stalled (80d+),0.4549763033175355,Q2,0.6870066478071157,68.7,Critical Risk,Long cycle: 98d | Lead Source: Partner,Escalate to senior rep + schedule executive sponsor call
D03879,2024-03-18,2024-06-13,rep_21,Ecommerce,North America,Enterprise,Inbound,Negotiation,2272,87,Won,1,2024,3,2024Q1,2024Q2,2024Q1,Small (<10K),Stalled (80d+),0.5096153846153846,Q1 (Top),0.6838366974388334,68.4,Critical Risk,Long cycle: 87d | Lead Source: Inbound,Escalate to senior rep + schedule executive sponsor call
D02461,2024-03-06,2024-03-14,rep_8,Ecommerce,North America,Pro,Partner,Negotiation,31266,8,Won,1,2024,3,2024Q1,2024Q1,2024Q1,Large (30-60K),Fast (<20d),0.48128342245989303,Q1 (Top),0.6807283897222989,68.1,Critical Risk,Lead Source: Partner,Escalate to senior rep + schedule executive sponsor call
D02540,2024-01-09,2024-02-24,rep_17,Ecommerce,North America,Pro,Referral,Negotiation,86941,46,Lost,0,2024,1,2024Q1,2024Q1,2024Q1,Enterprise (60K+),Slow (45-80d),0.44571428571428573,Q3,0.6774934439456738,67.7,Critical Risk,"Large deal: $86,941 | Lead Source: Referral",Escalate to senior rep + schedule executive sponsor call
D01923,2024-02-11,2024-03-16,rep_16,Ecommerce,APAC,Enterprise,Inbound,Negotiation,6713,34,Lost,0,2024,2,2024Q1,2024Q1,2024Q1,Small (<10K),Normal (20-45d),0.47085201793721976,Q1 (Top),0.6762582952282662,67.6,Critical Risk,Lead Source: Inbound,Escalate to senior rep + schedule executive sponsor call
D01110,2024-03-01,2024-05-06,rep_13,EdTech,APAC,Enterprise,Referral,Demo,14350,66,Lost,0,2024,3,2024Q1,2024Q2,2024Q1,Mid (10-30K),Slow (45-80d),0.441025641025641,Q4 (Bottom),0.6760926519046992,67.6,Critical Risk,Lead Source: Referral,Escalate to senior rep + schedule executive sponsor call
D04012,2024-02-21,2024-05-01,rep_12,FinTech,North America,Pro,Partner,Demo,20121,70,Won,1,2024,2,2024Q1,2024Q2,2024Q1,Mid (10-30K),Slow (45-80d),0.48333333333333334,Q1 (Top),0.6760399668472853,67.6,Critical Risk,Lead Source: Partner,Escalate to senior rep + schedule executive sponsor call
D02151,2024-02-17,2024-05-28,rep_20,EdTech,APAC,Core,Outbound,Qualified,2236,101,Won,1,2024,2,2024Q1,2024Q2,2024Q1,Small (<10K),Stalled (80d+),0.46956521739130436,Q2,0.6723186938436483,67.2,Critical Risk,Long cycle: 101d | Lead Source: Outbound,Escalate to senior rep + schedule executive sponsor call
D03185,2024-02-29,2024-06-10,rep_6,SaaS,Europe,Core,Referral,Closed,9823,102,Won,1,2024,2,2024Q1,2024Q2,2024Q1,Small (<10K),Stalled (80d+),0.42786069651741293,Q4 (Bottom),0.6708501922139523,67.1,Critical Risk,Long cycle: 102d | Lead Source: Referral,Escalate to senior rep + schedule executive sponsor call
D01158,2024-02-03,2024-05-02,rep_25,Ecommerce,APAC,Pro,Outbound,Proposal,7201,89,Won,1,2024,2,2024Q1,2024Q2,2024Q1,Small (<10K),Stalled (80d+),0.45365853658536587,Q3,0.6702416667607846,67.0,Critical Risk,Long cycle: 89d | Lead Source: Outbound,Escalate to senior rep + schedule executive sponsor call
D03555,2024-02-04,2024-05-27,rep_18,HealthTech,India,Pro,Partner,Negotiation,93947,113,Won,1,2024,2,2024Q1,2024Q2,2024Q1,Enterprise (60K+),Stalled (80d+),0.40860215053763443,Q4 (Bottom),0.6697813989122339,67.0,Critical Risk,"Long cycle: 113d | Large deal: $93,947 | Lead Source: Partner",Escalate to senior rep + schedule executive sponsor call
D00345,2024-02-03,2024-03-14,rep_2,SaaS,India,Core,Referral,Demo,13864,40,Lost,0,2024,2,2024Q1,2024Q1,2024Q1,Mid (10-30K),Normal (20-45d),0.46153846153846156,Q2,0.6703126668618801,67.0,Critical Risk,Lead Source: Referral,Escalate to senior rep + schedule executive sponsor call
D01870,2024-03-05,2024-05-09,rep_18,SaaS,North America,Pro,Partner,Closed,13625,65,Lost,0,2024,3,2024Q1,2024Q2,2024Q1,Mid (10-30K),Slow (45-80d),0.40860215053763443,Q4 (Bottom),0.6690026383082059,66.9,Critical Risk,Lead Source: Partner,Escalate to senior rep + schedule executive sponsor call
D04815,2024-03-08,2024-06-04,rep_14,EdTech,APAC,Enterprise,Partner,Proposal,13337,88,Lost,0,2024,3,2024Q1,2024Q2,2024Q1,Mid (10-30K),Stalled (80d+),0.4396135265700483,Q4 (Bottom),0.6676407238472256,66.8,Critical Risk,Long cycle: 88d | Lead Source: Partner,Escalate to senior rep + schedule executive sponsor call
D00299,2024-02-10,2024-05-08,rep_23,SaaS,APAC,Core,Outbound,Closed,42833,88,Lost,0,2024,2,2024Q1,2024Q2,2024Q1,Large (30-60K),Stalled (80d+),0.44565217391304346,Q3,0.6679920676939619,66.8,Critical Risk,Long cycle: 88d | Lead Source: Outbound,Escalate to senior rep + schedule executive sponsor call
D03100,2024-02-20,2024-06-05,rep_3,EdTech,North America,Enterprise,Referral,Proposal,3813,106,Won,1,2024,2,2024Q1,2024Q2,2024Q1,Small (<10K),Stalled (80d+),0.4722222222222222,Q1 (Top),0.6646411832799848,66.5,Critical Risk,Long cycle: 106d | Lead Source: Referral,Escalate to senior rep + schedule executive sponsor call
D02038,2024-02-12,2024-05-20,rep_18,SaaS,APAC,Enterprise,Outbound,Closed,73060,98,Lost,0,2024,2,2024Q1,2024Q2,2024Q1,Enterprise (60K+),Stalled (80d+),0.40860215053763443,Q4 (Bottom),0.6641192986158874,66.4,Critical Risk,"Long cycle: 98d | Large deal: $73,060 | Lead Source: Outbound",Escalate to senior rep + schedule executive sponsor call
D02717,2024-03-10,2024-03-23,rep_17,SaaS,North America,Enterprise,Outbound,Closed,83647,13,Lost,0,2024,3,2024Q1,2024Q1,2024Q1,Enterprise (60K+),Fast (<20d),0.44571428571428573,Q3,0.6637367365111168,66.4,Critical Risk,"Large deal: $83,647 | Lead Source: Outbound",Escalate to senior rep + schedule executive sponsor call
D01188,2024-01-15,2024-05-04,rep_16,HealthTech,APAC,Pro,Partner,Qualified,3487,110,Lost,0,2024,1,2024Q1,2024Q2,2024Q1,Small (<10K),Stalled (80d+),0.47085201793721976,Q1 (Top),0.6628757268047206,66.3,Critical Risk,Long cycle: 110d | Lead Source: Partner,Escalate to senior rep + schedule executive sponsor call
D02606,2024-02-24,2024-05-25,rep_12,Ecommerce,APAC,Pro,Partner,Proposal,6395,91,Won,1,2024,2,2024Q1,2024Q2,2024Q1,Small (<10K),Stalled (80d+),0.48333333333333334,Q1 (Top),0.6617064387150084,66.2,Critical Risk,Long cycle: 91d | Lead Source: Partner,Escalate to senior rep + schedule executive sponsor call
D02694,2024-02-05,2024-04-28,rep_4,EdTech,Europe,Pro,Outbound,Qualified,55183,83,Won,1,2024,2,2024Q1,2024Q2,2024Q1,Large (30-60K),Stalled (80d+),0.458128078817734,Q2,0.6624329941519378,66.2,Critical Risk,Long cycle: 83d | Lead Source: Outbound,Escalate to senior rep + schedule executive sponsor call
D02308,2024-02-16,2024-05-30,rep_14,HealthTech,Europe,Enterprise,Inbound,Negotiation,3110,104,Won,1,2024,2,2024Q1,2024Q2,2024Q1,Small (<10K),Stalled (80d+),0.4396135265700483,Q4 (Bottom),0.661496360360484,66.1,Critical Risk,Long cycle: 104d | Lead Source: Inbound,Escalate to senior rep + schedule executive sponsor call
D02541,2024-01-11,2024-04-01,rep_23,SaaS,North America,Enterprise,Partner,Demo,70252,81,Won,1,2024,1,2024Q1,2024Q2,2024Q1,Enterprise (60K+),Stalled (80d+),0.44565217391304346,Q3,0.6600280339107533,66.0,Critical Risk,"Long cycle: 81d | Large deal: $70,252 | Lead Source: Partner",Escalate to senior rep + schedule executive sponsor call
D01628,2024-02-29,2024-06-22,rep_20,Ecommerce,North America,Enterprise,Inbound,Proposal,3547,114,Won,1,2024,2,2024Q1,2024Q2,2024Q1,Small (<10K),Stalled (80d+),0.46956521739130436,Q2,0.6578045678418392,65.8,Critical Risk,Long cycle: 114d | Lead Source: Inbound,Escalate to senior rep + schedule executive sponsor call
D03031,2024-03-18,2024-06-18,rep_2,HealthTech,APAC,Pro,Referral,Demo,3884,92,Lost,0,2024,3,2024Q1,2024Q2,2024Q1,Small (<10K),Stalled (80d+),0.46153846153846156,Q2,0.6577970878288492,65.8,Critical Risk,Long cycle: 92d | Lead Source: Referral,Escalate to senior rep + schedule executive sponsor call
D02056,2024-03-21,2024-05-11,rep_6,EdTech,India,Core,Referral,Negotiation,16737,51,Won,1,2024,3,2024Q1,2024Q2,2024Q1,Mid (10-30K),Slow (45-80d),0.42786069651741293,Q4 (Bottom),0.6575259447169466,65.8,Critical Risk,Lead Source: Referral,Escalate to senior rep + schedule executive sponsor call
D02396,2024-02-09,2024-02-18,rep_7,HealthTech,India,Core,Referral,Proposal,8394,9,Won,1,2024,2,2024Q1,2024Q1,2024Q1,Small (<10K),Fast (<20d),0.4166666666666667,Q4 (Bottom),0.657347227808034,65.7,Critical Risk,Lead Source: Referral,Escalate to senior rep + schedule executive sponsor call
D00596,2024-02-09,2024-03-20,rep_10,Ecommerce,Europe,Enterprise,Outbound,Proposal,5046,40,Won,1,2024,2,2024Q1,2024Q1,2024Q1,Small (<10K),Normal (20-45d),0.42408376963350786,Q4 (Bottom),0.6567328357858536,65.7,Critical Risk,Lead Source: Outbound,Escalate to senior rep + schedule executive sponsor call
D02868,2024-01-19,2024-03-05,rep_25,EdTech,Europe,Core,Partner,Closed,13677,46,Won,1,2024,1,2024Q1,2024Q1,2024Q1,Mid (10-30K),Slow (45-80d),0.45365853658536587,Q3,0.6568712852074436,65.7,Critical Risk,Lead Source: Partner,Escalate to senior rep + schedule executive sponsor call
D02595,2024-02-16,2024-04-27,rep_24,HealthTech,Europe,Core,Referral,Proposal,10796,71,Won,1,2024,2,2024Q1,2024Q2,2024Q1,Mid (10-30K),Slow (45-80d),0.4482758620689655,Q3,0.6563344953049766,65.6,Critical Risk,Lead Source: Referral,Escalate to senior rep + schedule executive sponsor call
D04780,2024-01-25,2024-05-17,rep_7,SaaS,North America,Enterprise,Partner,Proposal,16630,113,Lost,0,2024,1,2024Q1,2024Q2,2024Q1,Mid (10-30K),Stalled (80d+),0.4166666666666667,Q4 (Bottom),0.6557195060017579,65.6,Critical Risk,Long cycle: 113d | Lead Source: Partner,Escalate to senior rep + schedule executive sponsor call
D01430,2024-01-07,2024-01-16,rep_11,HealthTech,Europe,Pro,Partner,Demo,7081,9,Lost,0,2024,1,2024Q1,2024Q1,2024Q1,Small (<10K),Fast (<20d),0.465,Q2,0.6554602894078461,65.5,Critical Risk,Lead Source: Partner,Escalate to senior rep + schedule executive sponsor call
D02146,2024-02-26,2024-05-22,rep_16,Ecommerce,India,Core,Referral,Negotiation,11995,86,Lost,0,2024,2,2024Q1,2024Q2,2024Q1,Mid (10-30K),Stalled (80d+),0.47085201793721976,Q1 (Top),0.6552261962610012,65.5,Critical Risk,Long cycle: 86d | Lead Source: Referral,Escalate to senior rep + schedule executive sponsor call
D02209,2024-03-05,2024-05-28,rep_9,FinTech,India,Core,Outbound,Closed,71961,84,Won,1,2024,3,2024Q1,2024Q2,2024Q1,Enterprise (60K+),Stalled (80d+),0.44623655913978494,Q3,0.6546444879029168,65.5,Critical Risk,"Long cycle: 84d | Large deal: $71,961 | Lead Source: Outbound",Escalate to senior rep + schedule executive sponsor call
D04656,2024-02-07,2024-05-23,rep_8,SaaS,Europe,Enterprise,Partner,Negotiation,20881,106,Won,1,2024,2,2024Q1,2024Q2,2024Q1,Mid (10-30K),Stalled (80d+),0.48128342245989303,Q1 (Top),0.6547543930230827,65.5,Critical Risk,Long cycle: 106d | Lead Source: Partner,Escalate to senior rep + schedule executive sponsor call
D00828,2024-03-19,2024-07-03,rep_1,SaaS,India,Pro,Referral,Demo,19917,106,Won,1,2024,3,2024Q1,2024Q3,2024Q1,Mid (10-30K),Stalled (80d+),0.4549763033175355,Q2,0.6553948288246886,65.5,Critical Risk,Long cycle: 106d | Lead Source: Referral,Escalate to senior rep + schedule executive sponsor call
D00284,2024-01-30,2024-03-03,rep_22,EdTech,North America,Core,Partner,Demo,5795,33,Lost,0,2024,1,2024Q1,2024Q1,2024Q1,Small (<10K),Normal (20-45d),0.4009433962264151,Q4 (Bottom),0.6543816254088707,65.4,Critical Risk,Lead Source: Partner,Escalate to senior rep + schedule executive sponsor call
D01023,2024-01-05,2024-04-07,rep_25,SaaS,APAC,Core,Referral,Closed,75552,93,Won,1,2024,1,2024Q1,2024Q2,2024Q1,Enterprise (60K+),Stalled (80d+),0.45365853658536587,Q3,0.6540565271367923,65.4,Critical Risk,"Long cycle: 93d | Large deal: $75,552 | Lead Source: Referral",Escalate to senior rep + schedule executive sponsor call
D00294,2024-01-27,2024-03-02,rep_19,EdTech,APAC,Enterprise,Inbound,Demo,5181,35,Lost,0,2024,1,2024Q1,2024Q1,2024Q1,Small (<10K),Normal (20-45d),0.47959183673469385,Q1 (Top),0.6543586253987752,65.4,Critical Risk,Lead Source: Inbound,Escalate to senior rep + schedule executive sponsor call
D00639,2024-03-06,2024-06-29,rep_13,HealthTech,North America,Enterprise,Inbound,Closed,12344,115,Lost,0,2024,3,2024Q1,2024Q2,2024Q1,Mid (10-30K),Stalled (80d+),0.441025641025641,Q4 (Bottom),0.6542759571670608,65.4,Critical Risk,Long cycle: 115d | Lead Source: Inbound,Escalate to senior rep + schedule executive sponsor call
D02603,2024-03-16,2024-05-14,rep_25,SaaS,North America,Pro,Referral,Proposal,20350,59,Lost,0,2024,3,2024Q1,2024Q2,2024Q1,Mid (10-30K),Slow (45-80d),0.45365853658536587,Q3,0.6532682823796284,65.3,Critical Risk,Lead Source: Referral,Escalate to senior rep + schedule executive sponsor call
D02883,2024-03-18,2024-07-10,rep_17,Ecommerce,India,Pro,Partner,Closed,79637,114,Won,1,2024,3,2024Q1,2024Q3,2024Q1,Enterprise (60K+),Stalled (80d+),0.44571428571428573,Q3,0.650842967543887,65.1,Critical Risk,"Long cycle: 114d | Large deal: $79,637 | Lead Source: Partner",Escalate to senior rep + schedule executive sponsor call
D03256,2024-02-27,2024-05-30,rep_3,Ecommerce,North America,Enterprise,Outbound,Closed,7188,93,Won,1,2024,2,2024Q1,2024Q2,2024Q1,Small (<10K),Stalled (80d+),0.4722222222222222,Q1 (Top),0.6514021928606765,65.1,Critical Risk,Long cycle: 93d | Lead Source: Outbound,Escalate to senior rep + schedule executive sponsor call
D04872,2024-02-06,2024-05-12,rep_9,SaaS,North America,Pro,Referral,Qualified,13128,96,Lost,0,2024,2,2024Q1,2024Q2,2024Q1,Mid (10-30K),Stalled (80d+),0.44623655913978494,Q3,0.6496666432069291,65.0,Critical Risk,Long cycle: 96d | Lead Source: Referral,Escalate to senior rep + schedule executive sponsor call
D04995,2024-02-12,2024-03-16,rep_14,SaaS,Europe,Core,Referral,Qualified,13345,33,Lost,0,2024,2,2024Q1,2024Q1,2024Q1,Mid (10-30K),Normal (20-45d),0.4396135265700483,Q4 (Bottom),0.6501449576359846,65.0,Critical Risk,Lead Source: Referral,Escalate to senior rep + schedule executive sponsor call
D01066,2024-03-17,2024-04-03,rep_24,SaaS,Europe,Core,Referral,Qualified,6132,17,Won,1,2024,3,2024Q1,2024Q2,2024Q1,Small (<10K),Fast (<20d),0.4482758620689655,Q3,0.6486147826844794,64.9,Critical Risk,Lead Source: Referral,Escalate to senior rep + schedule executive sponsor call
D03070,2024-02-13,2024-04-10,rep_9,FinTech,India,Core,Outbound,Negotiation,81813,57,Lost,0,2024,2,2024Q1,2024Q2,2024Q1,Enterprise (60K+),Slow (45-80d),0.44623655913978494,Q3,0.6479873707368679,64.8,Critical Risk,"Large deal: $81,813 | Lead Source: Outbound",Escalate to senior rep + schedule executive sponsor call
D03705,2024-02-20,2024-04-26,rep_6,Ecommerce,North America,Pro,Outbound,Qualified,74420,66,Lost,0,2024,2,2024Q1,2024Q2,2024Q1,Enterprise (60K+),Slow (45-80d),0.42786069651741293,Q4 (Bottom),0.6481769089854112,64.8,Critical Risk,"Large deal: $74,420 | Lead Source: Outbound",Escalate to senior rep + schedule executive sponsor call
D01435,2024-02-07,2024-05-30,rep_2,FinTech,North America,Pro,Outbound,Proposal,13112,113,Lost,0,2024,2,2024Q1,2024Q2,2024Q1,Mid (10-30K),Stalled (80d+),0.46153846153846156,Q2,0.6471207984197536,64.7,Critical Risk,Long cycle: 113d | Lead Source: Outbound,Escalate to senior rep + schedule executive sponsor call
D00994,2024-02-21,2024-04-22,rep_1,SaaS,APAC,Core,Referral,Negotiation,35745,61,Won,1,2024,2,2024Q1,2024Q2,2024Q1,Large (30-60K),Slow (45-80d),0.4549763033175355,Q2,0.6466307225364248,64.7,Critical Risk,Lead Source: Referral,Escalate to senior rep + schedule executive sponsor call
D04273,2024-02-20,2024-06-02,rep_2,HealthTech,Europe,Enterprise,Outbound,Negotiation,14126,103,Won,1,2024,2,2024Q1,2024Q2,2024Q1,Mid (10-30K),Stalled (80d+),0.46153846153846156,Q2,0.6455537871512582,64.6,Critical Risk,Long cycle: 103d | Lead Source: Outbound,Escalate to senior rep + schedule executive sponsor call
D01217,2024-01-21,2024-03-12,rep_20,SaaS,Europe,Pro,Partner,Proposal,16189,51,Lost,0,2024,1,2024Q1,2024Q1,2024Q1,Mid (10-30K),Slow (45-80d),0.46956521739130436,Q2,0.6463737006179512,64.6,Critical Risk,Lead Source: Partner,Escalate to senior rep + schedule executive sponsor call
D02806,2024-01-09,2024-04-08,rep_23,HealthTech,North America,Enterprise,Outbound,Negotiation,38704,90,Won,1,2024,1,2024Q1,2024Q2,2024Q1,Large (30-60K),Stalled (80d+),0.44565217391304346,Q3,0.6453293903494975,64.5,Critical Risk,Long cycle: 90d | Lead Source: Outbound,Escalate to senior rep + schedule executive sponsor call
D04757,2024-03-08,2024-06-01,rep_4,Ecommerce,APAC,Enterprise,Partner,Negotiation,53687,85,Lost,0,2024,3,2024Q1,2024Q2,2024Q1,Large (30-60K),Stalled (80d+),0.458128078817734,Q2,0.6450714265634673,64.5,Critical Risk,Long cycle: 85d | Lead Source: Partner,Escalate to senior rep + schedule executive sponsor call
D01368,2024-01-16,2024-04-19,rep_4,EdTech,APAC,Pro,Referral,Qualified,2327,94,Won,1,2024,1,2024Q1,2024Q2,2024Q1,Small (<10K),Stalled (80d+),0.458128078817734,Q2,0.6454318391592085,64.5,Critical Risk,Long cycle: 94d | Lead Source: Referral,Escalate to senior rep + schedule executive sponsor call
D03127,2024-01-27,2024-04-08,rep_4,SaaS,APAC,Core,Partner,Proposal,37236,72,Lost,0,2024,1,2024Q1,2024Q2,2024Q1,Large (30-60K),Slow (45-80d),0.458128078817734,Q2,0.644410806280379,64.4,Critical Risk,Lead Source: Partner,Escalate to senior rep + schedule executive sponsor call
D04549,2024-02-09,2024-03-09,rep_2,Ecommerce,India,Enterprise,Inbound,Proposal,75374,29,Won,1,2024,2,2024Q1,2024Q1,2024Q1,Enterprise (60K+),Normal (20-45d),0.46153846153846156,Q2,0.6436957294068446,64.4,Critical Risk,"Large deal: $75,374 | Lead Source: Inbound",Escalate to senior rep + schedule executive sponsor call
D04585,2024-03-25,2024-04-14,rep_24,EdTech,India,Pro,Outbound,Qualified,75849,20,Won,1,2024,3,2024Q1,2024Q2,2024Q1,Enterprise (60K+),Fast (<20d),0.4482758620689655,Q3,0.6434344426874337,64.3,Critical Risk,"Large deal: $75,849 | Lead Source: Outbound",Escalate to senior rep + schedule executive sponsor call
D00931,2024-03-14,2024-05-20,rep_1,EdTech,Europe,Enterprise,Partner,Negotiation,74124,67,Lost,0,2024,3,2024Q1,2024Q2,2024Q1,Enterprise (60K+),Slow (45-80d),0.4549763033175355,Q2,0.6427188343188371,64.3,Critical Risk,"Large deal: $74,124 | Lead Source: Partner",Escalate to senior rep + schedule executive sponsor call
D03215,2024-02-17,2024-04-30,rep_8,SaaS,APAC,Pro,Inbound,Proposal,72394,73,Lost,0,2024,2,2024Q1,2024Q2,2024Q1,Enterprise (60K+),Slow (45-80d),0.48128342245989303,Q1 (Top),0.6420316240292719,64.2,Critical Risk,"Large deal: $72,394 | Lead Source: Inbound",Escalate to senior rep + schedule executive sponsor call
D03409,2024-01-23,2024-05-03,rep_9,EdTech,APAC,Core,Outbound,Demo,81718,101,Lost,0,2024,1,2024Q1,2024Q2,2024Q1,Enterprise (60K+),Stalled (80d+),0.44623655913978494,Q3,0.6421032701659805,64.2,Critical Risk,"Long cycle: 101d | Large deal: $81,718 | Lead Source: Outbound",Escalate to senior rep + schedule executive sponsor call
D01506,2024-02-23,2024-06-20,rep_24,HealthTech,North America,Core,Outbound,Proposal,5164,118,Lost,0,2024,2,2024Q1,2024Q2,2024Q1,Small (<10K),Stalled (80d+),0.4482758620689655,Q3,0.640506921887187,64.1,Critical Risk,Long cycle: 118d | Lead Source: Outbound,Escalate to senior rep + schedule executive sponsor call
D02488,2024-03-11,2024-04-22,rep_25,EdTech,North America,Pro,Partner,Proposal,3784,42,Lost,0,2024,3,2024Q1,2024Q2,2024Q1,Small (<10K),Normal (20-45d),0.45365853658536587,Q3,0.6414657354642782,64.1,Critical Risk,Lead Source: Partner,Escalate to senior rep + schedule executive sponsor call
D04756,2024-03-19,2024-05-22,rep_21,HealthTech,India,Enterprise,Partner,Qualified,10861,64,Lost,0,2024,3,2024Q1,2024Q2,2024Q1,Mid (10-30K),Slow (45-80d),0.5096153846153846,Q1 (Top),0.640867210171689,64.1,Critical Risk,Lead Source: Partner,Escalate to senior rep + schedule executive sponsor call
D02516,2024-01-24,2024-02-27,rep_13,Ecommerce,APAC,Pro,Referral,Proposal,4135,34,Lost,0,2024,1,2024Q1,2024Q1,2024Q1,Small (<10K),Normal (20-45d),0.441025641025641,Q4 (Bottom),0.6400324642354481,64.0,Critical Risk,Lead Source: Referral,Escalate to senior rep + schedule executive sponsor call
D00519,2024-01-29,2024-05-26,rep_15,Ecommerce,North America,Core,Partner,Qualified,6228,118,Won,1,2024,1,2024Q1,2024Q2,2024Q1,Small (<10K),Stalled (80d+),0.44571428571428573,Q3,0.639850909784901,64.0,Critical Risk,Long cycle: 118d | Lead Source: Partner,Escalate to senior rep + schedule executive sponsor call
D03876,2024-01-16,2024-04-21,rep_6,FinTech,APAC,Pro,Inbound,Proposal,19946,96,Lost,0,2024,1,2024Q1,2024Q2,2024Q1,Mid (10-30K),Stalled (80d+),0.42786069651741293,Q4 (Bottom),0.6395129510004736,64.0,Critical Risk,Long cycle: 96d | Lead Source: Inbound,Escalate to senior rep + schedule executive sponsor call
D01816,2024-01-01,2024-03-22,rep_2,SaaS,APAC,Enterprise,Outbound,Qualified,71936,81,Won,1,2024,1,2024Q1,2024Q1,2024Q1,Enterprise (60K+),Stalled (80d+),0.46153846153846156,Q2,0.6394587375777794,63.9,Critical Risk,"Long cycle: 81d | Large deal: $71,936 | Lead Source: Outbound",Escalate to senior rep + schedule executive sponsor call
D02917,2024-02-01,2024-05-15,rep_21,HealthTech,North America,Pro,Partner,Closed,7325,104,Won,1,2024,2,2024Q1,2024Q2,2024Q1,Small (<10K),Stalled (80d+),0.5096153846153846,Q1 (Top),0.6393501935888067,63.9,Critical Risk,Long cycle: 104d | Lead Source: Partner,Escalate to senior rep + schedule executive sponsor call
D03765,2024-02-08,2024-05-08,rep_5,HealthTech,APAC,Pro,Partner,Negotiation,11564,90,Won,1,2024,2,2024Q1,2024Q2,2024Q1,Mid (10-30K),Stalled (80d+),0.4577114427860697,Q2,0.6392473551135376,63.9,Critical Risk,Long cycle: 90d | Lead Source: Partner,Escalate to senior rep + schedule executive sponsor call
D00986,2024-02-07,2024-03-16,rep_2,Ecommerce,Europe,Pro,Inbound,Proposal,91207,38,Lost,0,2024,2,2024Q1,2024Q1,2024Q1,Enterprise (60K+),Normal (20-45d),0.46153846153846156,Q2,0.6388025176388493,63.9,Critical Risk,"Large deal: $91,207 | Lead Source: Inbound",Escalate to senior rep + schedule executive sponsor call
D03299,2024-02-08,2024-05-26,rep_16,Ecommerce,India,Pro,Partner,Negotiation,13867,108,Lost,0,2024,2,2024Q1,2024Q2,2024Q1,Mid (10-30K),Stalled (80d+),0.47085201793721976,Q1 (Top),0.6391506198281174,63.9,Critical Risk,Long cycle: 108d | Lead Source: Partner,Escalate to senior rep + schedule executive sponsor call
D03298,2024-02-17,2024-04-27,rep_22,Ecommerce,Europe,Pro,Partner,Closed,6072,70,Won,1,2024,2,2024Q1,2024Q2,2024Q1,Small (<10K),Slow (45-80d),0.4009433962264151,Q4 (Bottom),0.6391385549824453,63.9,Critical Risk,Lead Source: Partner,Escalate to senior rep + schedule executive sponsor call
D03342,2024-02-25,2024-05-23,rep_11,Ecommerce,APAC,Enterprise,Referral,Closed,36385,88,Won,1,2024,2,2024Q1,2024Q2,2024Q1,Large (30-60K),Stalled (80d+),0.465,Q2,0.6390442424604379,63.9,Critical Risk,Long cycle: 88d | Lead Source: Referral,Escalate to senior rep + schedule executive sponsor call
D02614,2024-01-01,2024-04-15,rep_13,FinTech,North America,Core,Referral,Closed,3004,105,Won,1,2024,1,2024Q1,2024Q2,2024Q1,Small (<10K),Stalled (80d+),0.441025641025641,Q4 (Bottom),0.6380900284353498,63.8,Critical Risk,Long cycle: 105d | Lead Source: Referral,Escalate to senior rep + schedule executive sponsor call
D02468,2024-01-15,2024-03-13,rep_12,EdTech,India,Core,Referral,Qualified,5126,58,Lost,0,2024,1,2024Q1,2024Q1,2024Q1,Small (<10K),Slow (45-80d),0.48333333333333334,Q1 (Top),0.6378035077212142,63.8,Critical Risk,Lead Source: Referral,Escalate to senior rep + schedule executive sponsor call
D04784,2024-02-23,2024-04-15,rep_8,FinTech,North America,Core,Referral,Qualified,4966,52,Won,1,2024,2,2024Q1,2024Q2,2024Q1,Small (<10K),Slow (45-80d),0.48128342245989303,Q1 (Top),0.6379278042440237,63.8,Critical Risk,Lead Source: Referral,Escalate to senior rep + schedule executive sponsor call
D02486,2024-01-22,2024-05-16,rep_22,HealthTech,APAC,Enterprise,Partner,Negotiation,7646,115,Won,1,2024,1,2024Q1,2024Q2,2024Q1,Small (<10K),Stalled (80d+),0.4009433962264151,Q4 (Bottom),0.6368059319660272,63.7,Critical Risk,Long cycle: 115d | Lead Source: Partner,Escalate to senior rep + schedule executive sponsor call
D01469,2024-02-29,2024-05-22,rep_20,Ecommerce,APAC,Pro,Partner,Demo,11532,83,Lost,0,2024,2,2024Q1,2024Q2,2024Q1,Mid (10-30K),Stalled (80d+),0.46956521739130436,Q2,0.6369095035441873,63.7,Critical Risk,Long cycle: 83d | Lead Source: Partner,Escalate to senior rep + schedule executive sponsor call
D00264,2024-03-16,2024-04-19,rep_12,Ecommerce,APAC,Core,Outbound,Negotiation,36142,34,Won,1,2024,3,2024Q1,2024Q2,2024Q1,Large (30-60K),Normal (20-45d),0.48333333333333334,Q1 (Top),0.6362999910153775,63.6,Critical Risk,Lead Source: Outbound,Escalate to senior rep + schedule executive sponsor call
D00230,2024-03-06,2024-05-31,rep_5,EdTech,APAC,Enterprise,Outbound,Closed,15212,86,Won,1,2024,3,2024Q1,2024Q2,2024Q1,Mid (10-30K),Stalled (80d+),0.4577114427860697,Q2,0.6359333982475649,63.6,Critical Risk,Long cycle: 86d | Lead Source: Outbound,Escalate to senior rep + schedule executive sponsor call
D01232,2024-03-03,2024-04-02,rep_4,Ecommerce,India,Pro,Referral,Qualified,19938,30,Won,1,2024,3,2024Q1,2024Q2,2024Q1,Mid (10-30K),Normal (20-45d),0.458128078817734,Q2,0.6359006226039913,63.6,Critical Risk,Lead Source: Referral,Escalate to senior rep + schedule executive sponsor call
D04491,2024-03-25,2024-04-10,rep_22,HealthTech,India,Core,Referral,Proposal,6258,16,Won,1,2024,3,2024Q1,2024Q2,2024Q1,Small (<10K),Fast (<20d),0.4009433962264151,Q4 (Bottom),0.635937409141515,63.6,Critical Risk,Lead Source: Referral,Escalate to senior rep + schedule executive sponsor call
D03149,2024-01-21,2024-05-03,rep_5,FinTech,Europe,Pro,Inbound,Proposal,5709,103,Won,1,2024,1,2024Q1,2024Q2,2024Q1,Small (<10K),Stalled (80d+),0.4577114427860697,Q2,0.6354260310324219,63.5,Critical Risk,Long cycle: 103d | Lead Source: Inbound,Escalate to senior rep + schedule executive sponsor call
D03902,2024-01-11,2024-03-01,rep_7,HealthTech,APAC,Enterprise,Partner,Negotiation,71167,50,Lost,0,2024,1,2024Q1,2024Q1,2024Q1,Enterprise (60K+),Slow (45-80d),0.4166666666666667,Q4 (Bottom),0.6347167982811662,63.5,Critical Risk,"Large deal: $71,167 | Lead Source: Partner",Escalate to senior rep + schedule executive sponsor call
D01609,2024-03-20,2024-06-27,rep_7,SaaS,North America,Pro,Referral,Qualified,19539,99,Won,1,2024,3,2024Q1,2024Q2,2024Q1,Mid (10-30K),Stalled (80d+),0.4166666666666667,Q4 (Bottom),0.6353579857417904,63.5,Critical Risk,Long cycle: 99d | Lead Source: Referral,Escalate to senior rep + schedule executive sponsor call
D04430,2024-01-05,2024-02-23,rep_13,SaaS,India,Pro,Outbound,Proposal,89520,49,Lost,0,2024,1,2024Q1,2024Q1,2024Q1,Enterprise (60K+),Slow (45-80d),0.441025641025641,Q4 (Bottom),0.6342431542635192,63.4,Critical Risk,"Large deal: $89,520 | Lead Source: Outbound",Escalate to senior rep + schedule executive sponsor call
D00954,2024-02-29,2024-06-17,rep_3,SaaS,APAC,Pro,Inbound,Negotiation,12500,109,Won,1,2024,2,2024Q1,2024Q2,2024Q1,Mid (10-30K),Stalled (80d+),0.4722222222222222,Q1 (Top),0.6326581694309783,63.3,Critical Risk,Long cycle: 109d | Lead Source: Inbound,Escalate to senior rep + schedule executive sponsor call
D00630,2024-02-10,2024-04-16,rep_18,EdTech,North America,Core,Referral,Proposal,84258,66,Won,1,2024,2,2024Q1,2024Q2,2024Q1,Enterprise (60K+),Slow (45-80d),0.40860215053763443,Q4 (Bottom),0.6334809906283834,63.3,Critical Risk,"Large deal: $84,258 | Lead Source: Referral",Escalate to senior rep + schedule executive sponsor call
D02001,2024-03-10,2024-04-13,rep_5,EdTech,APAC,Enterprise,Inbound,Closed,7692,34,Lost,0,2024,3,2024Q1,2024Q2,2024Q1,Small (<10K),Normal (20-45d),0.4577114427860697,Q2,0.6315326735046094,63.2,Critical Risk,Lead Source: Inbound,Escalate to senior rep + schedule executive sponsor call
D01412,2024-02-11,2024-06-05,rep_23,HealthTech,North America,Core,Inbound,Demo,11449,115,Won,1,2024,2,2024Q1,2024Q2,2024Q1,Mid (10-30K),Stalled (80d+),0.44565217391304346,Q3,0.631912136119056,63.2,Critical Risk,Long cycle: 115d | Lead Source: Inbound,Escalate to senior rep + schedule executive sponsor call
D03199,2024-03-19,2024-07-08,rep_24,SaaS,India,Pro,Outbound,Demo,11353,111,Lost,0,2024,3,2024Q1,2024Q3,2024Q1,Mid (10-30K),Stalled (80d+),0.4482758620689655,Q3,0.6316765634432175,63.2,Critical Risk,Long cycle: 111d | Lead Source: Outbound,Escalate to senior rep + schedule executive sponsor call
D01849,2024-02-01,2024-05-13,rep_22,HealthTech,North America,Enterprise,Outbound,Proposal,5566,102,Won,1,2024,2,2024Q1,2024Q2,2024Q1,Small (<10K),Stalled (80d+),0.4009433962264151,Q4 (Bottom),0.6322501383626797,63.2,Critical Risk,Long cycle: 102d | Lead Source: Outbound,Escalate to senior rep + schedule executive sponsor call
D04433,2024-01-30,2024-04-28,rep_11,HealthTech,India,Enterprise,Partner,Negotiation,9014,89,Lost,0,2024,1,2024Q1,2024Q2,2024Q1,Small (<10K),Stalled (80d+),0.465,Q2,0.6320629187777286,63.2,Critical Risk,Long cycle: 89d | Lead Source: Partner,Escalate to senior rep + schedule executive sponsor call
D00274,2024-03-15,2024-06-02,rep_8,SaaS,North America,Core,Inbound,Qualified,33487,79,Won,1,2024,3,2024Q1,2024Q2,2024Q1,Large (30-60K),Slow (45-80d),0.48128342245989303,Q1 (Top),0.6306333400211547,63.1,Critical Risk,Long cycle: 79d | Lead Source: Inbound,Escalate to senior rep + schedule executive sponsor call
D04041,2024-03-03,2024-04-28,rep_22,HealthTech,India,Pro,Referral,Closed,10795,56,Lost,0,2024,3,2024Q1,2024Q2,2024Q1,Mid (10-30K),Slow (45-80d),0.4009433962264151,Q4 (Bottom),0.631077517809901,63.1,Critical Risk,Lead Source: Referral,Escalate to senior rep + schedule executive sponsor call
D01128,2024-01-08,2024-04-15,rep_11,SaaS,India,Pro,Inbound,Closed,75150,98,Lost,0,2024,1,2024Q1,2024Q2,2024Q1,Enterprise (60K+),Stalled (80d+),0.465,Q2,0.630144809214601,63.0,Critical Risk,"Long cycle: 98d | Large deal: $75,150 | Lead Source: Inbound",Escalate to senior rep + schedule executive sponsor call
D04730,2024-01-10,2024-04-24,rep_11,Ecommerce,APAC,Enterprise,Referral,Negotiation,3744,105,Lost,0,2024,1,2024Q1,2024Q2,2024Q1,Small (<10K),Stalled (80d+),0.465,Q2,0.630225321062021,63.0,Critical Risk,Long cycle: 105d | Lead Source: Referral,Escalate to senior rep + schedule executive sponsor call
D04321,2024-03-15,2024-06-30,rep_21,Ecommerce,APAC,Enterprise,Inbound,Proposal,2302,107,Lost,0,2024,3,2024Q1,2024Q2,2024Q1,Small (<10K),Stalled (80d+),0.5096153846153846,Q1 (Top),0.6297502728437533,63.0,Critical Risk,Long cycle: 107d | Lead Source: Inbound,Escalate to senior rep + schedule executive sponsor call
D03677,2024-03-05,2024-06-04,rep_21,Ecommerce,APAC,Pro,Referral,Negotiation,17389,91,Lost,0,2024,3,2024Q1,2024Q2,2024Q1,Mid (10-30K),Stalled (80d+),0.5096153846153846,Q1 (Top),0.6296183784756163,63.0,Critical Risk,Long cycle: 91d | Lead Source: Referral,Escalate to senior rep + schedule executive sponsor call
D01298,2024-02-18,2024-05-23,rep_15,EdTech,India,Core,Outbound,Qualified,5027,95,Lost,0,2024,2,2024Q1,2024Q2,2024Q1,Small (<10K),Stalled (80d+),0.44571428571428573,Q3,0.6299866560441267,63.0,Critical Risk,Long cycle: 95d | Lead Source: Outbound,Escalate to senior rep + schedule executive sponsor call
D01975,2024-01-04,2024-04-15,rep_9,HealthTech,APAC,Enterprise,Referral,Demo,19991,102,Lost,0,2024,1,2024Q1,2024Q2,2024Q1,Mid (10-30K),Stalled (80d+),0.44623655913978494,Q3,0.6288620098996052,62.9,Critical Risk,Long cycle: 102d | Lead Source: Referral,Escalate to senior rep + schedule executive sponsor call
D04782,2024-02-15,2024-03-23,rep_21,EdTech,APAC,Core,Partner,Demo,24263,37,Lost,0,2024,2,2024Q1,2024Q1,2024Q1,Mid (10-30K),Normal (20-45d),0.5096153846153846,Q1 (Top),0.6285554927303788,62.9,Critical Risk,Lead Source: Partner,Escalate to senior rep + schedule executive sponsor call
D03443,2024-02-06,2024-03-14,rep_20,SaaS,Europe,Core,Partner,Demo,16173,37,Won,1,2024,2,2024Q1,2024Q1,2024Q1,Mid (10-30K),Normal (20-45d),0.46956521739130436,Q2,0.6290630562883801,62.9,Critical Risk,Lead Source: Partner,Escalate to senior rep + schedule executive sponsor call
D02019,2024-01-13,2024-03-20,rep_6,Ecommerce,North America,Enterprise,Inbound,Proposal,16188,67,Lost,0,2024,1,2024Q1,2024Q1,2024Q1,Mid (10-30K),Slow (45-80d),0.42786069651741293,Q4 (Bottom),0.6291691184356095,62.9,Critical Risk,Lead Source: Inbound,Escalate to senior rep + schedule executive sponsor call
D02069,2024-03-03,2024-06-26,rep_23,HealthTech,North America,Core,Partner,Proposal,7042,115,Lost,0,2024,3,2024Q1,2024Q2,2024Q1,Small (<10K),Stalled (80d+),0.44565217391304346,Q3,0.6282283081308033,62.8,Critical Risk,Long cycle: 115d | Lead Source: Partner,Escalate to senior rep + schedule executive sponsor call
D02745,2024-01-11,2024-02-27,rep_24,Ecommerce,India,Enterprise,Outbound,Proposal,5099,47,Lost,0,2024,1,2024Q1,2024Q1,2024Q1,Small (<10K),Slow (45-80d),0.4482758620689655,Q3,0.6282461395488224,62.8,Critical Risk,Lead Source: Outbound,Escalate to senior rep + schedule executive sponsor call
D03898,2024-03-09,2024-06-07,rep_22,EdTech,APAC,Pro,Referral,Qualified,17686,90,Won,1,2024,3,2024Q1,2024Q2,2024Q1,Mid (10-30K),Stalled (80d+),0.4009433962264151,Q4 (Bottom),0.6277346104099889,62.8,Critical Risk,Long cycle: 90d | Lead Source: Referral,Escalate to senior rep + schedule executive sponsor call
D03302,2024-02-15,2024-03-19,rep_21,Ecommerce,North America,Enterprise,Inbound,Proposal,11733,33,Lost,0,2024,2,2024Q1,2024Q1,2024Q1,Mid (10-30K),Normal (20-45d),0.5096153846153846,Q1 (Top),0.627868985624342,62.8,Critical Risk,Lead Source: Inbound,Escalate to senior rep + schedule executive sponsor call
D01694,2024-02-20,2024-05-27,rep_4,SaaS,APAC,Enterprise,Partner,Demo,19812,97,Lost,0,2024,2,2024Q1,2024Q2,2024Q1,Mid (10-30K),Stalled (80d+),0.458128078817734,Q2,0.6278435630249865,62.8,Critical Risk,Long cycle: 97d | Lead Source: Partner,Escalate to senior rep + schedule executive sponsor call
D01457,2024-01-05,2024-04-18,rep_22,SaaS,APAC,Core,Referral,Negotiation,7701,104,Won,1,2024,1,2024Q1,2024Q2,2024Q1,Small (<10K),Stalled (80d+),0.4009433962264151,Q4 (Bottom),0.628118130555213,62.8,Critical Risk,Long cycle: 104d | Lead Source: Referral,Escalate to senior rep + schedule executive sponsor call
D01909,2024-01-22,2024-04-30,rep_22,Ecommerce,North America,Enterprise,Inbound,Demo,2097,99,Lost,0,2024,1,2024Q1,2024Q2,2024Q1,Small (<10K),Stalled (80d+),0.4009433962264151,Q4 (Bottom),0.6269180858865314,62.7,Critical Risk,Long cycle: 99d | Lead Source: Inbound,Escalate to senior rep + schedule executive sponsor call
D00684,2024-03-20,2024-06-19,rep_20,EdTech,India,Pro,Inbound,Closed,19893,91,Lost,0,2024,3,2024Q1,2024Q2,2024Q1,Mid (10-30K),Stalled (80d+),0.46956521739130436,Q2,0.6267762363115089,62.7,Critical Risk,Long cycle: 91d | Lead Source: Inbound,Escalate to senior rep + schedule executive sponsor call
D03791,2024-01-01,2024-04-08,rep_11,HealthTech,APAC,Core,Outbound,Qualified,79006,98,Lost,0,2024,1,2024Q1,2024Q2,2024Q1,Enterprise (60K+),Stalled (80d+),0.465,Q2,0.6274053791090822,62.7,Critical Risk,"Long cycle: 98d | Large deal: $79,006 | Lead Source: Outbound",Escalate to senior rep + schedule executive sponsor call
D04783,2024-03-16,2024-06-15,rep_15,Ecommerce,Europe,Core,Outbound,Demo,72469,91,Won,1,2024,3,2024Q1,2024Q2,2024Q1,Enterprise (60K+),Stalled (80d+),0.44571428571428573,Q3,0.6265128075657781,62.7,Critical Risk,"Long cycle: 91d | Large deal: $72,469 | Lead Source: Outbound",Escalate to senior rep + schedule executive sponsor call
D03991,2024-01-12,2024-04-09,rep_22,SaaS,North America,Pro,Referral,Qualified,2490,88,Won,1,2024,1,2024Q1,2024Q2,2024Q1,Small (<10K),Stalled (80d+),0.4009433962264151,Q4 (Bottom),0.6256243927250799,62.6,Critical Risk,Long cycle: 88d | Lead Source: Referral,Escalate to senior rep + schedule executive sponsor call
D02644,2024-01-31,2024-05-05,rep_10,FinTech,North America,Core,Outbound,Qualified,41354,95,Lost,0,2024,1,2024Q1,2024Q2,2024Q1,Large (30-60K),Stalled (80d+),0.42408376963350786,Q4 (Bottom),0.6259623167254086,62.6,Critical Risk,Long cycle: 95d | Lead Source: Outbound,Escalate to senior rep + schedule executive sponsor call
D02368,2024-03-02,2024-04-20,rep_21,HealthTech,India,Pro,Referral,Closed,18723,49,Won,1,2024,3,2024Q1,2024Q2,2024Q1,Mid (10-30K),Slow (45-80d),0.5096153846153846,Q1 (Top),0.6256876432067866,62.6,Critical Risk,Lead Source: Referral,Escalate to senior rep + schedule executive sponsor call
D03870,2024-02-01,2024-03-06,rep_4,SaaS,Europe,Core,Inbound,Negotiation,7169,34,Lost,0,2024,2,2024Q1,2024Q1,2024Q1,Small (<10K),Normal (20-45d),0.458128078817734,Q2,0.6245691150282475,62.5,Critical Risk,Lead Source: Inbound,Escalate to senior rep + schedule executive sponsor call
D02675,2024-01-10,2024-04-16,rep_12,EdTech,North America,Pro,Partner,Proposal,9347,97,Lost,0,2024,1,2024Q1,2024Q2,2024Q1,Small (<10K),Stalled (80d+),0.48333333333333334,Q1 (Top),0.6248871840621094,62.5,Critical Risk,Long cycle: 97d | Lead Source: Partner,Escalate to senior rep + schedule executive sponsor call
D00257,2024-02-27,2024-04-01,rep_5,SaaS,India,Pro,Inbound,Closed,64270,34,Lost,0,2024,2,2024Q1,2024Q2,2024Q1,Enterprise (60K+),Normal (20-45d),0.4577114427860697,Q2,0.6242106201288571,62.4,Critical Risk,"Large deal: $64,270 | Lead Source: Inbound",Escalate to senior rep + schedule executive sponsor call
D03943,2024-03-25,2024-06-19,rep_3,Ecommerce,North America,Pro,Outbound,Proposal,5639,86,Lost,0,2024,3,2024Q1,2024Q2,2024Q1,Small (<10K),Stalled (80d+),0.4722222222222222,Q1 (Top),0.6240735796333193,62.4,Critical Risk,Long cycle: 86d | Lead Source: Outbound,Escalate to senior rep + schedule executive sponsor call
D01041,2024-03-02,2024-05-03,rep_13,Ecommerce,APAC,Core,Referral,Closed,37351,62,Won,1,2024,3,2024Q1,2024Q2,2024Q1,Large (30-60K),Slow (45-80d),0.441025641025641,Q4 (Bottom),0.622831326004295,62.3,Critical Risk,Lead Source: Referral,Escalate to senior rep + schedule executive sponsor call
D03864,2024-02-03,2024-04-15,rep_17,EdTech,North America,Core,Partner,Demo,94009,72,Won,1,2024,2,2024Q1,2024Q2,2024Q1,Enterprise (60K+),Slow (45-80d),0.44571428571428573,Q3,0.6231923560471074,62.3,Critical Risk,"Large deal: $94,009 | Lead Source: Partner",Escalate to senior rep + schedule executive sponsor call
D02072,2024-01-31,2024-04-15,rep_19,FinTech,APAC,Enterprise,Referral,Closed,14201,75,Won,1,2024,1,2024Q1,2024Q2,2024Q1,Mid (10-30K),Slow (45-80d),0.47959183673469385,Q1 (Top),0.6226411551690999,62.3,Critical Risk,Lead Source: Referral,Escalate to senior rep + schedule executive sponsor call
D02764,2024-01-14,2024-04-08,rep_19,EdTech,India,Enterprise,Outbound,Demo,11856,85,Lost,0,2024,1,2024Q1,2024Q2,2024Q1,Mid (10-30K),Stalled (80d+),0.47959183673469385,Q1 (Top),0.6219450543316104,62.2,Critical Risk,Long cycle: 85d | Lead Source: Outbound,Escalate to senior rep + schedule executive sponsor call
D02923,2024-02-14,2024-05-14,rep_3,SaaS,North America,Core,Outbound,Qualified,13323,90,Won,1,2024,2,2024Q1,2024Q2,2024Q1,Mid (10-30K),Stalled (80d+),0.4722222222222222,Q1 (Top),0.6205790530195125,62.1,Critical Risk,Long cycle: 90d | Lead Source: Outbound,Escalate to senior rep + schedule executive sponsor call
D01022,2024-02-29,2024-04-09,rep_14,Ecommerce,North America,Core,Referral,Closed,11547,40,Lost,0,2024,2,2024Q1,2024Q2,2024Q1,Mid (10-30K),Normal (20-45d),0.4396135265700483,Q4 (Bottom),0.6214969181688885,62.1,Critical Risk,Lead Source: Referral,Escalate to senior rep + schedule executive sponsor call
D00484,2024-03-19,2024-06-10,rep_23,FinTech,North America,Core,Partner,Closed,11258,83,Lost,0,2024,3,2024Q1,2024Q2,2024Q1,Mid (10-30K),Stalled (80d+),0.44565217391304346,Q3,0.6213966365830559,62.1,Critical Risk,Long cycle: 83d | Lead Source: Partner,Escalate to senior rep + schedule executive sponsor call
D03757,2024-01-12,2024-04-24,rep_16,HealthTech,APAC,Core,Partner,Negotiation,9646,103,Lost,0,2024,1,2024Q1,2024Q2,2024Q1,Small (<10K),Stalled (80d+),0.47085201793721976,Q1 (Top),0.6206965055397318,62.1,Critical Risk,Long cycle: 103d | Lead Source: Partner,Escalate to senior rep + schedule executive sponsor call
D02664,2024-03-03,2024-06-26,rep_22,FinTech,India,Enterprise,Partner,Demo,53893,115,Lost,0,2024,3,2024Q1,2024Q2,2024Q1,Large (30-60K),Stalled (80d+),0.4009433962264151,Q4 (Bottom),0.6214843090853766,62.1,Critical Risk,Long cycle: 115d | Lead Source: Partner,Escalate to senior rep + schedule executive sponsor call
D01034,2024-03-01,2024-05-21,rep_3,HealthTech,India,Enterprise,Inbound,Qualified,69950,81,Won,1,2024,3,2024Q1,2024Q2,2024Q1,Enterprise (60K+),Stalled (80d+),0.4722222222222222,Q1 (Top),0.6211421375997399,62.1,Critical Risk,"Long cycle: 81d | Large deal: $69,950 | Lead Source: Inbound",Escalate to senior rep + schedule executive sponsor call
D02872,2024-02-14,2024-04-07,rep_3,EdTech,APAC,Enterprise,Inbound,Closed,71247,53,Lost,0,2024,2,2024Q1,2024Q2,2024Q1,Enterprise (60K+),Slow (45-80d),0.4722222222222222,Q1 (Top),0.6200824995419304,62.0,Critical Risk,"Large deal: $71,247 | Lead Source: Inbound",Escalate to senior rep + schedule executive sponsor call
D02548,2024-03-05,2024-04-26,rep_16,Ecommerce,APAC,Core,Outbound,Proposal,19173,52,Lost,0,2024,3,2024Q1,2024Q2,2024Q1,Mid (10-30K),Slow (45-80d),0.47085201793721976,Q1 (Top),0.6202978237923699,62.0,Critical Risk,Lead Source: Outbound,Escalate to senior rep + schedule executive sponsor call
D02522,2024-01-22,2024-03-17,rep_25,HealthTech,APAC,Enterprise,Outbound,Negotiation,29351,55,Lost,0,2024,1,2024Q1,2024Q1,2024Q1,Mid (10-30K),Slow (45-80d),0.45365853658536587,Q3,0.6195014941994292,62.0,Critical Risk,Lead Source: Outbound,Escalate to senior rep + schedule executive sponsor call
D02120,2024-03-02,2024-06-02,rep_11,SaaS,Europe,Core,Outbound,Qualified,18930,92,Won,1,2024,3,2024Q1,2024Q2,2024Q1,Mid (10-30K),Stalled (80d+),0.465,Q2,0.6185183884959384,61.9,Critical Risk,Long cycle: 92d | Lead Source: Outbound,Escalate to senior rep + schedule executive sponsor call
D00424,2024-03-04,2024-05-29,rep_20,FinTech,North America,Pro,Partner,Negotiation,30287,86,Won,1,2024,3,2024Q1,2024Q2,2024Q1,Large (30-60K),Stalled (80d+),0.46956521739130436,Q2,0.6185192375452386,61.9,Critical Risk,Long cycle: 86d | Lead Source: Partner,Escalate to senior rep + schedule executive sponsor call
D00667,2024-01-18,2024-03-11,rep_14,HealthTech,APAC,Enterprise,Referral,Proposal,54571,53,Lost,0,2024,1,2024Q1,2024Q1,2024Q1,Large (30-60K),Slow (45-80d),0.4396135265700483,Q4 (Bottom),0.6193475942351456,61.9,Critical Risk,Lead Source: Referral,Escalate to senior rep + schedule executive sponsor call
D04431,2024-03-11,2024-04-11,rep_3,SaaS,North America,Core,Outbound,Closed,5684,31,Lost,0,2024,3,2024Q1,2024Q2,2024Q1,Small (<10K),Normal (20-45d),0.4722222222222222,Q1 (Top),0.6180121243939127,61.8,Critical Risk,Lead Source: Outbound,Escalate to senior rep + schedule executive sponsor call
D00692,2024-02-12,2024-04-19,rep_22,Ecommerce,Europe,Core,Outbound,Qualified,18188,67,Lost,0,2024,2,2024Q1,2024Q2,2024Q1,Mid (10-30K),Slow (45-80d),0.4009433962264151,Q4 (Bottom),0.6180841210442065,61.8,Critical Risk,Lead Source: Outbound,Escalate to senior rep + schedule executive sponsor call
D04651,2024-01-20,2024-03-05,rep_25,SaaS,Europe,Pro,Referral,Negotiation,3704,45,Lost,0,2024,1,2024Q1,2024Q1,2024Q1,Small (<10K),Normal (20-45d),0.45365853658536587,Q3,0.6176873724639969,61.8,Critical Risk,Lead Source: Referral,Escalate to senior rep + schedule executive sponsor call
D04070,2024-03-19,2024-06-24,rep_20,FinTech,North America,Enterprise,Referral,Closed,18194,97,Lost,0,2024,3,2024Q1,2024Q2,2024Q1,Mid (10-30K),Stalled (80d+),0.46956521739130436,Q2,0.6176952586329582,61.8,Critical Risk,Long cycle: 97d | Lead Source: Referral,Escalate to senior rep + schedule executive sponsor call
D01645,2024-02-08,2024-03-14,rep_9,SaaS,India,Enterprise,Outbound,Negotiation,71710,35,Lost,0,2024,2,2024Q1,2024Q1,2024Q1,Enterprise (60K+),Normal (20-45d),0.44623655913978494,Q3,0.6180519312421574,61.8,Critical Risk,"Large deal: $71,710 | Lead Source: Outbound",Escalate to senior rep + schedule executive sponsor call
D04659,2024-03-25,2024-07-17,rep_10,SaaS,India,Pro,Referral,Qualified,14193,114,Won,1,2024,3,2024Q1,2024Q3,2024Q1,Mid (10-30K),Stalled (80d+),0.42408376963350786,Q4 (Bottom),0.6176270276271942,61.8,Critical Risk,Long cycle: 114d | Lead Source: Referral,Escalate to senior rep + schedule executive sponsor call
D01727,2024-01-13,2024-04-29,rep_12,HealthTech,North America,Enterprise,Referral,Qualified,75280,107,Won,1,2024,1,2024Q1,2024Q2,2024Q1,Enterprise (60K+),Stalled (80d+),0.48333333333333334,Q1 (Top),0.6183705468575291,61.8,Critical Risk,"Long cycle: 107d | Large deal: $75,280 | Lead Source: Referral",Escalate to senior rep + schedule executive sponsor call
D01943,2024-02-27,2024-04-02,rep_3,Ecommerce,North America,Core,Partner,Demo,10158,35,Lost,0,2024,2,2024Q1,2024Q2,2024Q1,Mid (10-30K),Normal (20-45d),0.4722222222222222,Q1 (Top),0.6173961709162101,61.7,Critical Risk,Lead Source: Partner,Escalate to senior rep + schedule executive sponsor call
D03958,2024-03-23,2024-05-04,rep_1,SaaS,India,Enterprise,Referral,Proposal,70752,42,Won,1,2024,3,2024Q1,2024Q2,2024Q1,Enterprise (60K+),Normal (20-45d),0.4549763033175355,Q2,0.6169212275562179,61.7,Critical Risk,"Large deal: $70,752 | Lead Source: Referral",Escalate to senior rep + schedule executive sponsor call
D00200,2024-03-24,2024-07-01,rep_8,HealthTech,North America,Core,Inbound,Qualified,74950,99,Lost,0,2024,3,2024Q1,2024Q3,2024Q1,Enterprise (60K+),Stalled (80d+),0.48128342245989303,Q1 (Top),0.6168535407767282,61.7,Critical Risk,"Long cycle: 99d | Large deal: $74,950 | Lead Source: Inbound",Escalate to senior rep + schedule executive sponsor call
D04937,2024-03-11,2024-05-16,rep_11,SaaS,APAC,Pro,Outbound,Closed,90486,66,Lost,0,2024,3,2024Q1,2024Q2,2024Q1,Enterprise (60K+),Slow (45-80d),0.465,Q2,0.617027149684495,61.7,Critical Risk,"Large deal: $90,486 | Lead Source: Outbound",Escalate to senior rep + schedule executive sponsor call
D04157,2024-02-10,2024-05-23,rep_12,Ecommerce,APAC,Pro,Outbound,Proposal,13112,103,Won,1,2024,2,2024Q1,2024Q2,2024Q1,Mid (10-30K),Stalled (80d+),0.48333333333333334,Q1 (Top),0.617207240765102,61.7,Critical Risk,Long cycle: 103d | Lead Source: Outbound,Escalate to senior rep + schedule executive sponsor call
D01387,2024-02-07,2024-05-01,rep_17,Ecommerce,Europe,Core,Outbound,Demo,12119,84,Lost,0,2024,2,2024Q1,2024Q2,2024Q1,Mid (10-30K),Stalled (80d+),0.44571428571428573,Q3,0.6172775115424882,61.7,Critical Risk,Long cycle: 84d | Lead Source: Outbound,Escalate to senior rep + schedule executive sponsor call
D02942,2024-02-05,2024-02-15,rep_16,SaaS,Europe,Enterprise,Referral,Negotiation,4546,10,Lost,0,2024,2,2024Q1,2024Q1,2024Q1,Small (<10K),Fast (<20d),0.47085201793721976,Q1 (Top),0.6168815170724478,61.7,Critical Risk,Lead Source: Referral,Escalate to senior rep + schedule executive sponsor call
D01636,2024-02-27,2024-05-24,rep_19,HealthTech,APAC,Enterprise,Referral,Closed,6445,87,Won,1,2024,2,2024Q1,2024Q2,2024Q1,Small (<10K),Stalled (80d+),0.47959183673469385,Q1 (Top),0.6159843826231274,61.6,Critical Risk,Long cycle: 87d | Lead Source: Referral,Escalate to senior rep + schedule executive sponsor call
D04893,2024-03-03,2024-05-14,rep_16,SaaS,Europe,Pro,Outbound,Proposal,14104,72,Lost,0,2024,3,2024Q1,2024Q2,2024Q1,Mid (10-30K),Slow (45-80d),0.47085201793721976,Q1 (Top),0.6159069981253908,61.6,Critical Risk,Lead Source: Outbound,Escalate to senior rep + schedule executive sponsor call
D03616,2024-03-26,2024-05-02,rep_20,Ecommerce,APAC,Pro,Partner,Closed,9523,37,Won,1,2024,3,2024Q1,2024Q2,2024Q1,Small (<10K),Normal (20-45d),0.46956521739130436,Q2,0.6159686679606353,61.6,Critical Risk,Lead Source: Partner,Escalate to senior rep + schedule executive sponsor call
D02384,2024-01-23,2024-04-18,rep_19,Ecommerce,North America,Pro,Partner,Closed,35769,86,Lost,0,2024,1,2024Q1,2024Q2,2024Q1,Large (30-60K),Stalled (80d+),0.47959183673469385,Q1 (Top),0.6159448651412086,61.6,Critical Risk,Long cycle: 86d | Lead Source: Partner,Escalate to senior rep + schedule executive sponsor call
D02602,2024-01-07,2024-04-01,rep_18,Ecommerce,India,Core,Partner,Negotiation,7802,85,Won,1,2024,1,2024Q1,2024Q2,2024Q1,Small (<10K),Stalled (80d+),0.40860215053763443,Q4 (Bottom),0.6159373832061604,61.6,Critical Risk,Long cycle: 85d | Lead Source: Partner,Escalate to senior rep + schedule executive sponsor call
D00126,2024-03-18,2024-06-13,rep_9,SaaS,North America,Pro,Inbound,Proposal,9118,87,Won,1,2024,3,2024Q1,2024Q2,2024Q1,Small (<10K),Stalled (80d+),0.44623655913978494,Q3,0.616180224985575,61.6,Critical Risk,Long cycle: 87d | Lead Source: Inbound,Escalate to senior rep + schedule executive sponsor call
D01241,2024-03-10,2024-05-22,rep_23,SaaS,India,Enterprise,Outbound,Closed,89119,73,Won,1,2024,3,2024Q1,2024Q2,2024Q1,Enterprise (60K+),Slow (45-80d),0.44565217391304346,Q3,0.6163085917364808,61.6,Critical Risk,"Large deal: $89,119 | Lead Source: Outbound",Escalate to senior rep + schedule executive sponsor call
D00399,2024-02-10,2024-04-18,rep_8,FinTech,APAC,Core,Outbound,Demo,16222,68,Lost,0,2024,2,2024Q1,2024Q2,2024Q1,Mid (10-30K),Slow (45-80d),0.48128342245989303,Q1 (Top),0.6154718101077506,61.5,Critical Risk,Lead Source: Outbound,Escalate to senior rep + schedule executive sponsor call
D01268,2024-03-20,2024-06-29,rep_24,FinTech,North America,Core,Inbound,Closed,100000,101,Won,1,2024,3,2024Q1,2024Q2,2024Q1,Enterprise (60K+),Stalled (80d+),0.4482758620689655,Q3,0.6149863532353158,61.5,Critical Risk,"Long cycle: 101d | Large deal: $100,000 | Lead Source: Inbound",Escalate to senior rep + schedule executive sponsor call
D03846,2024-03-25,2024-06-10,rep_11,Ecommerce,India,Pro,Outbound,Demo,3312,77,Won,1,2024,3,2024Q1,2024Q2,2024Q1,Small (<10K),Slow (45-80d),0.465,Q2,0.6146778018698505,61.5,Critical Risk,Long cycle: 77d | Lead Source: Outbound,Escalate to senior rep + schedule executive sponsor call
D01886,2024-01-03,2024-04-18,rep_14,EdTech,Europe,Enterprise,Partner,Demo,10345,106,Lost,0,2024,1,2024Q1,2024Q2,2024Q1,Mid (10-30K),Stalled (80d+),0.4396135265700483,Q4 (Bottom),0.6145375558588141,61.5,Critical Risk,Long cycle: 106d | Lead Source: Partner,Escalate to senior rep + schedule executive sponsor call
D00006,2024-03-19,2024-04-07,rep_12,HealthTech,APAC,Enterprise,Inbound,Proposal,5714,19,Won,1,2024,3,2024Q1,2024Q2,2024Q1,Small (<10K),Fast (<20d),0.48333333333333334,Q1 (Top),0.6149643549425973,61.5,Critical Risk,Lead Source: Inbound,Escalate to senior rep + schedule executive sponsor call
D02091,2024-01-03,2024-04-08,rep_11,EdTech,North America,Core,Partner,Demo,7627,96,Lost,0,2024,1,2024Q1,2024Q2,2024Q1,Small (<10K),Stalled (80d+),0.465,Q2,0.6149113050901612,61.5,Critical Risk,Long cycle: 96d | Lead Source: Partner,Escalate to senior rep + schedule executive sponsor call
D01141,2024-01-05,2024-01-20,rep_13,FinTech,India,Pro,Inbound,Negotiation,73260,15,Won,1,2024,1,2024Q1,2024Q1,2024Q1,Enterprise (60K+),Fast (<20d),0.441025641025641,Q4 (Bottom),0.6142912314004036,61.4,Critical Risk,"Large deal: $73,260 | Lead Source: Inbound",Escalate to senior rep + schedule executive sponsor call
D04445,2024-01-21,2024-04-27,rep_17,HealthTech,North America,Core,Partner,Demo,8387,97,Won,1,2024,1,2024Q1,2024Q2,2024Q1,Small (<10K),Stalled (80d+),0.44571428571428573,Q3,0.6138808182153628,61.4,Critical Risk,Long cycle: 97d | Lead Source: Partner,Escalate to senior rep + schedule executive sponsor call
D00933,2024-03-06,2024-06-25,rep_14,HealthTech,India,Core,Referral,Closed,6914,111,Lost,0,2024,3,2024Q1,2024Q2,2024Q1,Small (<10K),Stalled (80d+),0.4396135265700483,Q4 (Bottom),0.6131788056397871,61.3,Critical Risk,Long cycle: 111d | Lead Source: Referral,Escalate to senior rep + schedule executive sponsor call
D04003,2024-02-16,2024-03-19,rep_5,EdTech,APAC,Pro,Referral,Demo,17925,32,Lost,0,2024,2,2024Q1,2024Q1,2024Q1,Mid (10-30K),Normal (20-45d),0.4577114427860697,Q2,0.6131120198961916,61.3,Critical Risk,Lead Source: Referral,Escalate to senior rep + schedule executive sponsor call
D02175,2024-02-08,2024-03-22,rep_21,HealthTech,Europe,Pro,Referral,Negotiation,3748,43,Lost,0,2024,2,2024Q1,2024Q1,2024Q1,Small (<10K),Normal (20-45d),0.5096153846153846,Q1 (Top),0.6133571770386358,61.3,Critical Risk,Lead Source: Referral,Escalate to senior rep + schedule executive sponsor call
D01949,2024-02-10,2024-06-08,rep_15,Ecommerce,North America,Core,Partner,Demo,6208,119,Lost,0,2024,2,2024Q1,2024Q2,2024Q1,Small (<10K),Stalled (80d+),0.44571428571428573,Q3,0.6129888800415013,61.3,Critical Risk,Long cycle: 119d | Lead Source: Partner,Escalate to senior rep + schedule executive sponsor call
D03496,2024-01-12,2024-02-20,rep_2,HealthTech,APAC,Core,Referral,Demo,19423,39,Lost,0,2024,1,2024Q1,2024Q1,2024Q1,Mid (10-30K),Normal (20-45d),0.46153846153846156,Q2,0.6128804744073644,61.3,Critical Risk,Lead Source: Referral,Escalate to senior rep + schedule executive sponsor call
D01334,2024-01-10,2024-05-03,rep_8,SaaS,APAC,Enterprise,Referral,Negotiation,88566,114,Lost,0,2024,1,2024Q1,2024Q2,2024Q1,Enterprise (60K+),Stalled (80d+),0.48128342245989303,Q1 (Top),0.6121289136600211,61.2,Critical Risk,"Long cycle: 114d | Large deal: $88,566 | Lead Source: Referral",Escalate to senior rep + schedule executive sponsor call
D04200,2024-03-11,2024-06-17,rep_16,HealthTech,APAC,Pro,Referral,Qualified,5600,98,Won,1,2024,3,2024Q1,2024Q2,2024Q1,Small (<10K),Stalled (80d+),0.47085201793721976,Q1 (Top),0.6119032912748001,61.2,Critical Risk,Long cycle: 98d | Lead Source: Referral,Escalate to senior rep + schedule executive sponsor call
D02328,2024-01-26,2024-02-29,rep_10,EdTech,Europe,Core,Inbound,Closed,64294,34,Won,1,2024,1,2024Q1,2024Q1,2024Q1,Enterprise (60K+),Normal (20-45d),0.42408376963350786,Q4 (Bottom),0.6095467297636492,61.0,Critical Risk,"Large deal: $64,294 | Lead Source: Inbound",Escalate to senior rep + schedule executive sponsor call
D01083,2024-02-18,2024-05-29,rep_8,HealthTech,North America,Enterprise,Outbound,Qualified,7476,101,Lost,0,2024,2,2024Q1,2024Q2,2024Q1,Small (<10K),Stalled (80d+),0.48128342245989303,Q1 (Top),0.6100022669480301,61.0,Critical Risk,Long cycle: 101d | Lead Source: Outbound,Escalate to senior rep + schedule executive sponsor call
D00507,2024-01-29,2024-03-14,rep_10,Ecommerce,Europe,Core,Partner,Qualified,76010,45,Won,1,2024,1,2024Q1,2024Q1,2024Q1,Enterprise (60K+),Normal (20-45d),0.42408376963350786,Q4 (Bottom),0.6104867387259864,61.0,Critical Risk,"Large deal: $76,010 | Lead Source: Partner",Escalate to senior rep + schedule executive sponsor call
D00049,2024-03-12,2024-07-03,rep_9,Ecommerce,India,Core,Referral,Demo,17883,113,Won,1,2024,3,2024Q1,2024Q3,2024Q1,Mid (10-30K),Stalled (80d+),0.44623655913978494,Q3,0.6094876784414012,60.9,Critical Risk,Long cycle: 113d | Lead Source: Referral,Escalate to senior rep + schedule executive sponsor call
D04201,2024-02-05,2024-05-31,rep_13,HealthTech,India,Pro,Referral,Qualified,6563,116,Lost,0,2024,2,2024Q1,2024Q2,2024Q1,Small (<10K),Stalled (80d+),0.441025641025641,Q4 (Bottom),0.609334976668718,60.9,Critical Risk,Long cycle: 116d | Lead Source: Referral,Escalate to senior rep + schedule executive sponsor call
D03957,2024-02-04,2024-03-28,rep_2,SaaS,Europe,Core,Partner,Demo,5077,53,Won,1,2024,2,2024Q1,2024Q1,2024Q1,Small (<10K),Slow (45-80d),0.46153846153846156,Q2,0.6090347671116272,60.9,Critical Risk,Lead Source: Partner,Escalate to senior rep + schedule executive sponsor call
D02903,2024-02-22,2024-06-11,rep_25,HealthTech,APAC,Pro,Partner,Qualified,13114,110,Won,1,2024,2,2024Q1,2024Q2,2024Q1,Mid (10-30K),Stalled (80d+),0.45365853658536587,Q3,0.6083589414711514,60.8,Critical Risk,Long cycle: 110d | Lead Source: Partner,Escalate to senior rep + schedule executive sponsor call
D03608,2024-01-22,2024-02-24,rep_1,Ecommerce,Europe,Core,Referral,Negotiation,17811,33,Lost,0,2024,1,2024Q1,2024Q1,2024Q1,Mid (10-30K),Normal (20-45d),0.4549763033175355,Q2,0.6080190933788484,60.8,Critical Risk,Lead Source: Referral,Escalate to senior rep + schedule executive sponsor call
D01860,2024-01-03,2024-03-27,rep_12,HealthTech,India,Enterprise,Inbound,Demo,86597,84,Won,1,2024,1,2024Q1,2024Q1,2024Q1,Enterprise (60K+),Stalled (80d+),0.48333333333333334,Q1 (Top),0.6083608470063807,60.8,Critical Risk,"Long cycle: 84d | Large deal: $86,597 | Lead Source: Inbound",Escalate to senior rep + schedule executive sponsor call
D02930,2024-03-17,2024-06-12,rep_1,HealthTech,North America,Enterprise,Inbound,Qualified,12921,87,Won,1,2024,3,2024Q1,2024Q2,2024Q1,Mid (10-30K),Stalled (80d+),0.4549763033175355,Q2,0.6065221098071143,60.7,Critical Risk,Long cycle: 87d | Lead Source: Inbound,Escalate to senior rep + schedule executive sponsor call
D00440,2024-03-16,2024-05-03,rep_5,SaaS,Europe,Enterprise,Referral,Negotiation,55705,48,Lost,0,2024,3,2024Q1,2024Q2,2024Q1,Large (30-60K),Slow (45-80d),0.4577114427860697,Q2,0.6072149992655711,60.7,Critical Risk,Lead Source: Referral,Escalate to senior rep + schedule executive sponsor call
D04399,2024-03-10,2024-06-14,rep_1,Ecommerce,Europe,Pro,Inbound,Demo,3638,96,Won,1,2024,3,2024Q1,2024Q2,2024Q1,Small (<10K),Stalled (80d+),0.4549763033175355,Q2,0.6068134480096831,60.7,Critical Risk,Long cycle: 96d | Lead Source: Inbound,Escalate to senior rep + schedule executive sponsor call
D00190,2024-01-21,2024-03-02,rep_21,EdTech,Europe,Core,Inbound,Proposal,4473,41,Lost,0,2024,1,2024Q1,2024Q1,2024Q1,Small (<10K),Normal (20-45d),0.5096153846153846,Q1 (Top),0.607239204312122,60.7,Critical Risk,Lead Source: Inbound,Escalate to senior rep + schedule executive sponsor call
D00214,2024-03-07,2024-06-02,rep_15,EdTech,North America,Enterprise,Referral,Closed,7793,87,Won,1,2024,3,2024Q1,2024Q2,2024Q1,Small (<10K),Stalled (80d+),0.44571428571428573,Q3,0.6057617854266071,60.6,Critical Risk,Long cycle: 87d | Lead Source: Referral,Escalate to senior rep + schedule executive sponsor call
D02841,2024-02-11,2024-03-16,rep_24,SaaS,North America,Pro,Referral,Closed,3121,34,Won,1,2024,2,2024Q1,2024Q1,2024Q1,Small (<10K),Normal (20-45d),0.4482758620689655,Q3,0.6056224850695724,60.6,Critical Risk,Lead Source: Referral,Escalate to senior rep + schedule executive sponsor call
D04605,2024-02-09,2024-04-23,rep_20,Ecommerce,Europe,Enterprise,Referral,Negotiation,20053,74,Lost,0,2024,2,2024Q1,2024Q2,2024Q1,Mid (10-30K),Slow (45-80d),0.46956521739130436,Q2,0.6058260151967114,60.6,Critical Risk,Lead Source: Referral,Escalate to senior rep + schedule executive sponsor call
D03471,2024-01-31,2024-03-13,rep_14,FinTech,Europe,Enterprise,Partner,Proposal,3883,42,Lost,0,2024,1,2024Q1,2024Q1,2024Q1,Small (<10K),Normal (20-45d),0.4396135265700483,Q4 (Bottom),0.6056397136334334,60.6,Critical Risk,Lead Source: Partner,Escalate to senior rep + schedule executive sponsor call
D03300,2024-02-03,2024-03-16,rep_14,EdTech,North America,Core,Referral,Proposal,4167,42,Lost,0,2024,2,2024Q1,2024Q1,2024Q1,Small (<10K),Normal (20-45d),0.4396135265700483,Q4 (Bottom),0.6064588078754577,60.6,Critical Risk,Lead Source: Referral,Escalate to senior rep + schedule executive sponsor call
D01549,2024-01-03,2024-04-27,rep_16,FinTech,APAC,Enterprise,Inbound,Demo,87648,115,Won,1,2024,1,2024Q1,2024Q2,2024Q1,Enterprise (60K+),Stalled (80d+),0.47085201793721976,Q1 (Top),0.6058023400097781,60.6,Critical Risk,"Long cycle: 115d | Large deal: $87,648 | Lead Source: Inbound",Escalate to senior rep + schedule executive sponsor call
D00141,2024-01-24,2024-04-30,rep_7,HealthTech,India,Core,Partner,Proposal,7040,97,Lost,0,2024,1,2024Q1,2024Q2,2024Q1,Small (<10K),Stalled (80d+),0.4166666666666667,Q4 (Bottom),0.6060248484554666,60.6,Critical Risk,Long cycle: 97d | Lead Source: Partner,Escalate to senior rep + schedule executive sponsor call
D00559,2024-02-02,2024-04-06,rep_9,HealthTech,APAC,Pro,Inbound,Negotiation,6077,64,Won,1,2024,2,2024Q1,2024Q2,2024Q1,Small (<10K),Slow (45-80d),0.44623655913978494,Q3,0.6062992484685804,60.6,Critical Risk,Lead Source: Inbound,Escalate to senior rep + schedule executive sponsor call
D00176,2024-01-05,2024-01-18,rep_2,SaaS,North America,Core,Inbound,Demo,3396,13,Lost,0,2024,1,2024Q1,2024Q1,2024Q1,Small (<10K),Fast (<20d),0.46153846153846156,Q2,0.6049526631644045,60.5,Critical Risk,Lead Source: Inbound,Escalate to senior rep + schedule executive sponsor call
D01599,2024-02-26,2024-03-06,rep_7,Ecommerce,APAC,Enterprise,Partner,Proposal,3874,9,Lost,0,2024,2,2024Q1,2024Q1,2024Q1,Small (<10K),Fast (<20d),0.4166666666666667,Q4 (Bottom),0.6048339113012653,60.5,Critical Risk,Lead Source: Partner,Escalate to senior rep + schedule executive sponsor call
D04245,2024-03-02,2024-05-05,rep_22,Ecommerce,India,Core,Outbound,Proposal,40626,64,Lost,0,2024,3,2024Q1,2024Q2,2024Q1,Large (30-60K),Slow (45-80d),0.4009433962264151,Q4 (Bottom),0.6051364552116194,60.5,Critical Risk,Lead Source: Outbound,Escalate to senior rep + schedule executive sponsor call
D02790,2024-01-05,2024-03-10,rep_19,EdTech,APAC,Core,Outbound,Negotiation,11204,65,Lost,0,2024,1,2024Q1,2024Q1,2024Q1,Mid (10-30K),Slow (45-80d),0.47959183673469385,Q1 (Top),0.6049281854138545,60.5,Critical Risk,Lead Source: Outbound,Escalate to senior rep + schedule executive sponsor call
D02739,2024-03-11,2024-04-10,rep_25,EdTech,India,Enterprise,Inbound,Proposal,89101,30,Won,1,2024,3,2024Q1,2024Q2,2024Q1,Enterprise (60K+),Normal (20-45d),0.45365853658536587,Q3,0.6045114102243121,60.5,Critical Risk,"Large deal: $89,101 | Lead Source: Inbound",Escalate to senior rep + schedule executive sponsor call
D01117,2024-03-08,2024-05-22,rep_22,FinTech,Europe,Core,Partner,Negotiation,75583,75,Lost,0,2024,3,2024Q1,2024Q2,2024Q1,Enterprise (60K+),Slow (45-80d),0.4009433962264151,Q4 (Bottom),0.6045528759876371,60.5,Critical Risk,"Large deal: $75,583 | Lead Source: Partner",Escalate to senior rep + schedule executive sponsor call
D03593,2024-02-14,2024-02-29,rep_17,EdTech,North America,Core,Outbound,Closed,2125,15,Lost,0,2024,2,2024Q1,2024Q1,2024Q1,Small (<10K),Fast (<20d),0.44571428571428573,Q3,0.6046368104713122,60.5,Critical Risk,Lead Source: Outbound,Escalate to senior rep + schedule executive sponsor call
D01358,2024-01-31,2024-04-29,rep_10,SaaS,APAC,Pro,Referral,Proposal,14443,89,Won,1,2024,1,2024Q1,2024Q2,2024Q1,Mid (10-30K),Stalled (80d+),0.42408376963350786,Q4 (Bottom),0.6049881617114189,60.5,Critical Risk,Long cycle: 89d | Lead Source: Referral,Escalate to senior rep + schedule executive sponsor call
D01846,2024-03-21,2024-05-22,rep_4,SaaS,North America,Enterprise,Partner,Qualified,16183,62,Lost,0,2024,3,2024Q1,2024Q2,2024Q1,Mid (10-30K),Slow (45-80d),0.458128078817734,Q2,0.6054395167895789,60.5,Critical Risk,Lead Source: Partner,Escalate to senior rep + schedule executive sponsor call
D02109,2024-03-23,2024-06-29,rep_23,Ecommerce,India,Core,Outbound,Proposal,12075,98,Lost,0,2024,3,2024Q1,2024Q2,2024Q1,Mid (10-30K),Stalled (80d+),0.44565217391304346,Q3,0.6038745519287853,60.4,Critical Risk,Long cycle: 98d | Lead Source: Outbound,Escalate to senior rep + schedule executive sponsor call
D00371,2024-02-29,2024-04-04,rep_24,SaaS,Europe,Enterprise,Outbound,Closed,68200,35,Lost,0,2024,2,2024Q1,2024Q2,2024Q1,Enterprise (60K+),Normal (20-45d),0.4482758620689655,Q3,0.604004111455032,60.4,Critical Risk,"Large deal: $68,200 | Lead Source: Outbound",Escalate to senior rep + schedule executive sponsor call
D04144,2024-02-19,2024-05-13,rep_16,HealthTech,North America,Enterprise,Outbound,Negotiation,2349,84,Lost,0,2024,2,2024Q1,2024Q2,2024Q1,Small (<10K),Stalled (80d+),0.47085201793721976,Q1 (Top),0.6033989239217881,60.3,Critical Risk,Long cycle: 84d | Lead Source: Outbound,Escalate to senior rep + schedule executive sponsor call
D02878,2024-03-25,2024-07-07,rep_12,SaaS,India,Enterprise,Outbound,Demo,10421,104,Won,1,2024,3,2024Q1,2024Q3,2024Q1,Mid (10-30K),Stalled (80d+),0.48333333333333334,Q1 (Top),0.6029870370369507,60.3,Critical Risk,Long cycle: 104d | Lead Source: Outbound,Escalate to senior rep + schedule executive sponsor call
D01164,2024-02-04,2024-05-13,rep_10,EdTech,APAC,Enterprise,Partner,Demo,15732,99,Won,1,2024,2,2024Q1,2024Q2,2024Q1,Mid (10-30K),Stalled (80d+),0.42408376963350786,Q4 (Bottom),0.6025216563065806,60.3,Critical Risk,Long cycle: 99d | Lead Source: Partner,Escalate to senior rep + schedule executive sponsor call
D04046,2024-01-28,2024-04-07,rep_22,Ecommerce,APAC,Core,Referral,Demo,9219,70,Won,1,2024,1,2024Q1,2024Q2,2024Q1,Small (<10K),Slow (45-80d),0.4009433962264151,Q4 (Bottom),0.6032155942799085,60.3,Critical Risk,Lead Source: Referral,Escalate to senior rep + schedule executive sponsor call
D00008,2024-03-07,2024-06-20,rep_3,HealthTech,APAC,Core,Referral,Proposal,8525,105,Lost,0,2024,3,2024Q1,2024Q2,2024Q1,Small (<10K),Stalled (80d+),0.4722222222222222,Q1 (Top),0.6031039273892274,60.3,Critical Risk,Long cycle: 105d | Lead Source: Referral,Escalate to senior rep + schedule executive sponsor call
D02306,2024-03-15,2024-06-13,rep_21,Ecommerce,Europe,Pro,Inbound,Closed,11645,90,Lost,0,2024,3,2024Q1,2024Q2,2024Q1,Mid (10-30K),Stalled (80d+),0.5096153846153846,Q1 (Top),0.6032831296421182,60.3,Critical Risk,Long cycle: 90d | Lead Source: Inbound,Escalate to senior rep + schedule executive sponsor call
D00412,2024-01-18,2024-02-23,rep_13,EdTech,North America,Core,Referral,Closed,7728,36,Won,1,2024,1,2024Q1,2024Q1,2024Q1,Small (<10K),Normal (20-45d),0.441025641025641,Q4 (Bottom),0.6027628593327023,60.3,Critical Risk,Lead Source: Referral,Escalate to senior rep + schedule executive sponsor call
D01237,2024-03-22,2024-06-24,rep_23,HealthTech,Europe,Pro,Inbound,Negotiation,6912,94,Lost,0,2024,3,2024Q1,2024Q2,2024Q1,Small (<10K),Stalled (80d+),0.44565217391304346,Q3,0.6031426666407994,60.3,Critical Risk,Long cycle: 94d | Lead Source: Inbound,Escalate to senior rep + schedule executive sponsor call
D04383,2024-03-07,2024-06-20,rep_11,EdTech,Europe,Core,Referral,Negotiation,3626,105,Won,1,2024,3,2024Q1,2024Q2,2024Q1,Small (<10K),Stalled (80d+),0.465,Q2,0.6033565837801225,60.3,Critical Risk,Long cycle: 105d | Lead Source: Referral,Escalate to senior rep + schedule executive sponsor call
D04834,2024-01-22,2024-04-29,rep_14,SaaS,India,Pro,Inbound,Closed,2440,98,Lost,0,2024,1,2024Q1,2024Q2,2024Q1,Small (<10K),Stalled (80d+),0.4396135265700483,Q4 (Bottom),0.6029483986928645,60.3,Critical Risk,Long cycle: 98d | Lead Source: Inbound,Escalate to senior rep + schedule executive sponsor call
D02273,2024-02-05,2024-03-30,rep_15,EdTech,India,Pro,Partner,Proposal,5312,54,Won,1,2024,2,2024Q1,2024Q1,2024Q1,Small (<10K),Slow (45-80d),0.44571428571428573,Q3,0.6015886527043904,60.2,Critical Risk,Lead Source: Partner,Escalate to senior rep + schedule executive sponsor call
D04581,2024-01-06,2024-02-04,rep_16,EdTech,APAC,Core,Referral,Demo,4201,29,Won,1,2024,1,2024Q1,2024Q1,2024Q1,Small (<10K),Normal (20-45d),0.47085201793721976,Q1 (Top),0.602498622156557,60.2,Critical Risk,Lead Source: Referral,Escalate to senior rep + schedule executive sponsor call
D00452,2024-03-18,2024-06-18,rep_6,EdTech,North America,Pro,Outbound,Qualified,11866,92,Won,1,2024,3,2024Q1,2024Q2,2024Q1,Mid (10-30K),Stalled (80d+),0.42786069651741293,Q4 (Bottom),0.6009482983962045,60.1,Critical Risk,Long cycle: 92d | Lead Source: Outbound,Escalate to senior rep + schedule executive sponsor call
D04673,2024-02-25,2024-04-19,rep_14,FinTech,Europe,Pro,Referral,Qualified,53007,54,Won,1,2024,2,2024Q1,2024Q2,2024Q1,Large (30-60K),Slow (45-80d),0.4396135265700483,Q4 (Bottom),0.5995347387837918,60.0,Critical Risk,Lead Source: Referral,Escalate to senior rep + schedule executive sponsor call
D04798,2024-01-13,2024-03-22,rep_4,SaaS,Europe,Core,Referral,Proposal,9984,69,Lost,0,2024,1,2024Q1,2024Q1,2024Q1,Small (<10K),Slow (45-80d),0.458128078817734,Q2,0.6000077843951829,60.0,Critical Risk,Lead Source: Referral,Escalate to senior rep + schedule executive sponsor call
D04829,2024-02-14,2024-03-20,rep_21,HealthTech,Europe,Pro,Referral,Closed,6678,35,Lost,0,2024,2,2024Q1,2024Q1,2024Q1,Small (<10K),Normal (20-45d),0.5096153846153846,Q1 (Top),0.6004778847091894,60.0,Critical Risk,Lead Source: Referral,Escalate to senior rep + schedule executive sponsor call
D04761,2024-01-23,2024-05-02,rep_25,EdTech,India,Enterprise,Partner,Closed,10098,100,Lost,0,2024,1,2024Q1,2024Q2,2024Q1,Mid (10-30K),Stalled (80d+),0.45365853658536587,Q3,0.5986955825891224,59.9,Critical Risk,Long cycle: 100d | Lead Source: Partner,Escalate to senior rep + schedule executive sponsor call
D04232,2024-02-17,2024-05-29,rep_17,EdTech,India,Pro,Inbound,Demo,6067,102,Lost,0,2024,2,2024Q1,2024Q2,2024Q1,Small (<10K),Stalled (80d+),0.44571428571428573,Q3,0.5991430309012126,59.9,Critical Risk,Long cycle: 102d | Lead Source: Inbound,Escalate to senior rep + schedule executive sponsor call
D04142,2024-01-27,2024-05-19,rep_5,FinTech,Europe,Core,Referral,Proposal,16662,113,Won,1,2024,1,2024Q1,2024Q2,2024Q1,Mid (10-30K),Stalled (80d+),0.4577114427860697,Q2,0.5987130869670473,59.9,Critical Risk,Long cycle: 113d | Lead Source: Referral,Escalate to senior rep + schedule executive sponsor call
D02301,2024-01-14,2024-02-29,rep_24,FinTech,India,Enterprise,Partner,Negotiation,10276,46,Lost,0,2024,1,2024Q1,2024Q1,2024Q1,Mid (10-30K),Slow (45-80d),0.4482758620689655,Q3,0.598965839610182,59.9,Critical Risk,Lead Source: Partner,Escalate to senior rep + schedule executive sponsor call
D04928,2024-03-05,2024-05-16,rep_21,Ecommerce,Europe,Enterprise,Outbound,Negotiation,3728,72,Lost,0,2024,3,2024Q1,2024Q2,2024Q1,Small (<10K),Slow (45-80d),0.5096153846153846,Q1 (Top),0.5982898404891717,59.8,Critical Risk,Lead Source: Outbound,Escalate to senior rep + schedule executive sponsor call
D03279,2024-01-29,2024-05-11,rep_13,FinTech,India,Pro,Referral,Proposal,6050,103,Lost,0,2024,1,2024Q1,2024Q2,2024Q1,Small (<10K),Stalled (80d+),0.441025641025641,Q4 (Bottom),0.5981654800849199,59.8,Critical Risk,Long cycle: 103d | Lead Source: Referral,Escalate to senior rep + schedule executive sponsor call
D00901,2024-01-19,2024-04-02,rep_15,FinTech,APAC,Core,Outbound,Proposal,73939,74,Lost,0,2024,1,2024Q1,2024Q2,2024Q1,Enterprise (60K+),Slow (45-80d),0.44571428571428573,Q3,0.5978952799806493,59.8,Critical Risk,"Large deal: $73,939 | Lead Source: Outbound",Escalate to senior rep + schedule executive sponsor call
D03116,2024-02-16,2024-03-26,rep_11,SaaS,APAC,Pro,Partner,Closed,84546,39,Won,1,2024,2,2024Q1,2024Q1,2024Q1,Enterprise (60K+),Normal (20-45d),0.465,Q2,0.59803313939967,59.8,Critical Risk,"Large deal: $84,546 | Lead Source: Partner",Escalate to senior rep + schedule executive sponsor call
D00539,2024-03-16,2024-05-20,rep_15,SaaS,India,Enterprise,Referral,Demo,75797,65,Lost,0,2024,3,2024Q1,2024Q2,2024Q1,Enterprise (60K+),Slow (45-80d),0.44571428571428573,Q3,0.5980268683922902,59.8,Critical Risk,"Large deal: $75,797 | Lead Source: Referral",Escalate to senior rep + schedule executive sponsor call
D04628,2024-02-02,2024-05-27,rep_19,FinTech,Europe,Enterprise,Partner,Qualified,13038,115,Lost,0,2024,2,2024Q1,2024Q2,2024Q1,Mid (10-30K),Stalled (80d+),0.47959183673469385,Q1 (Top),0.5979588475347187,59.8,Critical Risk,Long cycle: 115d | Lead Source: Partner,Escalate to senior rep + schedule executive sponsor call
D02351,2024-02-18,2024-03-27,rep_20,Ecommerce,India,Pro,Referral,Negotiation,19020,38,Lost,0,2024,2,2024Q1,2024Q1,2024Q1,Mid (10-30K),Normal (20-45d),0.46956521739130436,Q2,0.5982905659167457,59.8,Critical Risk,Lead Source: Referral,Escalate to senior rep + schedule executive sponsor call
D00318,2024-03-26,2024-05-14,rep_11,EdTech,APAC,Pro,Referral,Qualified,15785,49,Lost,0,2024,3,2024Q1,2024Q2,2024Q1,Mid (10-30K),Slow (45-80d),0.465,Q2,0.5966361606306376,59.7,Critical Risk,Lead Source: Referral,Escalate to senior rep + schedule executive sponsor call
D01925,2024-03-01,2024-06-22,rep_15,EdTech,Europe,Core,Referral,Qualified,15433,113,Lost,0,2024,3,2024Q1,2024Q2,2024Q1,Mid (10-30K),Stalled (80d+),0.44571428571428573,Q3,0.5966267059806489,59.7,Critical Risk,Long cycle: 113d | Lead Source: Referral,Escalate to senior rep + schedule executive sponsor call
D00719,2024-02-29,2024-06-05,rep_11,Ecommerce,North America,Pro,Inbound,Closed,31094,97,Lost,0,2024,2,2024Q1,2024Q2,2024Q1,Large (30-60K),Stalled (80d+),0.465,Q2,0.5974182648974247,59.7,Critical Risk,Long cycle: 97d | Lead Source: Inbound,Escalate to senior rep + schedule executive sponsor call
D04446,2024-02-27,2024-05-30,rep_15,Ecommerce,APAC,Pro,Inbound,Negotiation,78102,93,Won,1,2024,2,2024Q1,2024Q2,2024Q1,Enterprise (60K+),Stalled (80d+),0.44571428571428573,Q3,0.5960346787539905,59.6,Critical Risk,"Long cycle: 93d | Large deal: $78,102 | Lead Source: Inbound",Escalate to senior rep + schedule executive sponsor call
D03193,2024-03-01,2024-05-27,rep_1,FinTech,North America,Enterprise,Outbound,Closed,9987,87,Lost,0,2024,3,2024Q1,2024Q2,2024Q1,Small (<10K),Stalled (80d+),0.4549763033175355,Q2,0.5960769960775815,59.6,Critical Risk,Long cycle: 87d | Lead Source: Outbound,Escalate to senior rep + schedule executive sponsor call
D00587,2024-03-16,2024-06-11,rep_14,EdTech,Europe,Enterprise,Inbound,Proposal,7658,87,Won,1,2024,3,2024Q1,2024Q2,2024Q1,Small (<10K),Stalled (80d+),0.4396135265700483,Q4 (Bottom),0.5957635629327706,59.6,Critical Risk,Long cycle: 87d | Lead Source: Inbound,Escalate to senior rep + schedule executive sponsor call
D00938,2024-01-07,2024-04-22,rep_5,FinTech,North America,Core,Referral,Qualified,12267,106,Lost,0,2024,1,2024Q1,2024Q2,2024Q1,Mid (10-30K),Stalled (80d+),0.4577114427860697,Q2,0.5964189943071719,59.6,Critical Risk,Long cycle: 106d | Lead Source: Referral,Escalate to senior rep + schedule executive sponsor call
D00970,2024-03-12,2024-06-15,rep_11,Ecommerce,Europe,Core,Referral,Demo,4581,95,Won,1,2024,3,2024Q1,2024Q2,2024Q1,Small (<10K),Stalled (80d+),0.465,Q2,0.5947807705465208,59.5,Critical Risk,Long cycle: 95d | Lead Source: Referral,Escalate to senior rep + schedule executive sponsor call
D03009,2024-02-10,2024-03-15,rep_24,EdTech,Europe,Enterprise,Inbound,Qualified,77734,34,Lost,0,2024,2,2024Q1,2024Q1,2024Q1,Enterprise (60K+),Normal (20-45d),0.4482758620689655,Q3,0.5948782218249711,59.5,Critical Risk,"Large deal: $77,734 | Lead Source: Inbound",Escalate to senior rep + schedule executive sponsor call
D00232,2024-02-23,2024-06-09,rep_6,SaaS,North America,Enterprise,Referral,Closed,46188,107,Won,1,2024,2,2024Q1,2024Q2,2024Q1,Large (30-60K),Stalled (80d+),0.42786069651741293,Q4 (Bottom),0.5946863714385908,59.5,Critical Risk,Long cycle: 107d | Lead Source: Referral,Escalate to senior rep + schedule executive sponsor call
D01548,2024-01-04,2024-03-31,rep_18,HealthTech,India,Enterprise,Referral,Negotiation,16108,87,Lost,0,2024,1,2024Q1,2024Q1,2024Q1,Mid (10-30K),Stalled (80d+),0.40860215053763443,Q4 (Bottom),0.5938187002624591,59.4,Critical Risk,Long cycle: 87d | Lead Source: Referral,Escalate to senior rep + schedule executive sponsor call
D02297,2024-03-10,2024-05-21,rep_3,HealthTech,North America,Core,Referral,Closed,5117,72,Won,1,2024,3,2024Q1,2024Q2,2024Q1,Small (<10K),Slow (45-80d),0.4722222222222222,Q1 (Top),0.5936693983689838,59.4,Critical Risk,Lead Source: Referral,Escalate to senior rep + schedule executive sponsor call
D02578,2024-01-09,2024-02-13,rep_9,SaaS,India,Enterprise,Referral,Closed,7981,35,Won,1,2024,1,2024Q1,2024Q1,2024Q1,Small (<10K),Normal (20-45d),0.44623655913978494,Q3,0.5942164583143887,59.4,Critical Risk,Lead Source: Referral,Escalate to senior rep + schedule executive sponsor call
D03274,2024-01-28,2024-03-05,rep_1,Ecommerce,Europe,Enterprise,Partner,Proposal,9329,37,Lost,0,2024,1,2024Q1,2024Q1,2024Q1,Small (<10K),Normal (20-45d),0.4549763033175355,Q2,0.5937782447392483,59.4,Critical Risk,Lead Source: Partner,Escalate to senior rep + schedule executive sponsor call
D02766,2024-03-03,2024-05-28,rep_22,FinTech,APAC,Enterprise,Inbound,Negotiation,70858,86,Won,1,2024,3,2024Q1,2024Q2,2024Q1,Enterprise (60K+),Stalled (80d+),0.4009433962264151,Q4 (Bottom),0.5941418669065586,59.4,Critical Risk,"Long cycle: 86d | Large deal: $70,858 | Lead Source: Inbound",Escalate to senior rep + schedule executive sponsor call
D03811,2024-02-11,2024-03-18,rep_7,HealthTech,Europe,Core,Partner,Proposal,6813,36,Lost,0,2024,2,2024Q1,2024Q1,2024Q1,Small (<10K),Normal (20-45d),0.4166666666666667,Q4 (Bottom),0.5938796574936812,59.4,Critical Risk,Lead Source: Partner,Escalate to senior rep + schedule executive sponsor call
D00125,2024-01-25,2024-05-08,rep_25,SaaS,India,Enterprise,Partner,Closed,18288,104,Lost,0,2024,1,2024Q1,2024Q2,2024Q1,Mid (10-30K),Stalled (80d+),0.45365853658536587,Q3,0.5930110961546686,59.3,Critical Risk,Long cycle: 104d | Lead Source: Partner,Escalate to senior rep + schedule executive sponsor call
D02305,2024-01-25,2024-04-24,rep_16,FinTech,North America,Core,Partner,Qualified,8424,90,Won,1,2024,1,2024Q1,2024Q2,2024Q1,Small (<10K),Stalled (80d+),0.47085201793721976,Q1 (Top),0.592703596038924,59.3,Critical Risk,Long cycle: 90d | Lead Source: Partner,Escalate to senior rep + schedule executive sponsor call
D01172,2024-03-12,2024-05-04,rep_8,Ecommerce,APAC,Pro,Outbound,Negotiation,11519,53,Lost,0,2024,3,2024Q1,2024Q2,2024Q1,Mid (10-30K),Slow (45-80d),0.48128342245989303,Q1 (Top),0.5933062428078694,59.3,Critical Risk,Lead Source: Outbound,Escalate to senior rep + schedule executive sponsor call
D03676,2024-03-26,2024-07-18,rep_6,HealthTech,North America,Enterprise,Referral,Demo,7705,114,Lost,0,2024,3,2024Q1,2024Q3,2024Q1,Small (<10K),Stalled (80d+),0.42786069651741293,Q4 (Bottom),0.5927980603111187,59.3,Critical Risk,Long cycle: 114d | Lead Source: Referral,Escalate to senior rep + schedule executive sponsor call
D04473,2024-02-28,2024-05-17,rep_1,Ecommerce,India,Pro,Referral,Negotiation,5642,79,Won,1,2024,2,2024Q1,2024Q2,2024Q1,Small (<10K),Slow (45-80d),0.4549763033175355,Q2,0.5933658349685612,59.3,Critical Risk,Long cycle: 79d | Lead Source: Referral,Escalate to senior rep + schedule executive sponsor call
D03176,2024-01-06,2024-02-22,rep_2,Ecommerce,North America,Pro,Referral,Negotiation,77229,47,Won,1,2024,1,2024Q1,2024Q1,2024Q1,Enterprise (60K+),Slow (45-80d),0.46153846153846156,Q2,0.593408849829132,59.3,Critical Risk,"Large deal: $77,229 | Lead Source: Referral",Escalate to senior rep + schedule executive sponsor call
D04043,2024-01-24,2024-05-11,rep_15,SaaS,Europe,Enterprise,Inbound,Proposal,10195,108,Won,1,2024,1,2024Q1,2024Q2,2024Q1,Mid (10-30K),Stalled (80d+),0.44571428571428573,Q3,0.5916696675412152,59.2,Critical Risk,Long cycle: 108d | Lead Source: Inbound,Escalate to senior rep + schedule executive sponsor call
D00217,2024-02-12,2024-04-09,rep_10,FinTech,North America,Core,Referral,Demo,5326,57,Won,1,2024,2,2024Q1,2024Q2,2024Q1,Small (<10K),Slow (45-80d),0.42408376963350786,Q4 (Bottom),0.5921118362608773,59.2,Critical Risk,Lead Source: Referral,Escalate to senior rep + schedule executive sponsor call
D01035,2024-03-09,2024-07-06,rep_17,Ecommerce,APAC,Pro,Outbound,Closed,81909,119,Lost,0,2024,3,2024Q1,2024Q3,2024Q1,Enterprise (60K+),Stalled (80d+),0.44571428571428573,Q3,0.5921362517053119,59.2,Critical Risk,"Long cycle: 119d | Large deal: $81,909 | Lead Source: Outbound",Escalate to senior rep + schedule executive sponsor call
D02202,2024-03-20,2024-07-13,rep_5,SaaS,APAC,Core,Outbound,Proposal,15978,115,Lost,0,2024,3,2024Q1,2024Q3,2024Q1,Mid (10-30K),Stalled (80d+),0.4577114427860697,Q2,0.5923683120479173,59.2,Critical Risk,Long cycle: 115d | Lead Source: Outbound,Escalate to senior rep + schedule executive sponsor call
D03997,2024-01-05,2024-04-24,rep_5,FinTech,APAC,Core,Referral,Negotiation,18103,110,Won,1,2024,1,2024Q1,2024Q2,2024Q1,Mid (10-30K),Stalled (80d+),0.4577114427860697,Q2,0.5907898544180845,59.1,Critical Risk,Long cycle: 110d | Lead Source: Referral,Escalate to senior rep + schedule executive sponsor call
D04603,2024-02-27,2024-03-06,rep_16,HealthTech,India,Pro,Inbound,Qualified,79333,8,Won,1,2024,2,2024Q1,2024Q1,2024Q1,Enterprise (60K+),Fast (<20d),0.47085201793721976,Q1 (Top),0.5913096478219443,59.1,Critical Risk,"Large deal: $79,333 | Lead Source: Inbound",Escalate to senior rep + schedule executive sponsor call
D01916,2024-03-16,2024-05-11,rep_12,EdTech,North America,Core,Referral,Demo,83877,56,Lost,0,2024,3,2024Q1,2024Q2,2024Q1,Enterprise (60K+),Slow (45-80d),0.48333333333333334,Q1 (Top),0.5907412902723258,59.1,Critical Risk,"Large deal: $83,877 | Lead Source: Referral",Escalate to senior rep + schedule executive sponsor call
D03921,2024-01-11,2024-03-23,rep_6,SaaS,India,Pro,Outbound,Qualified,55179,72,Lost,0,2024,1,2024Q1,2024Q1,2024Q1,Large (30-60K),Slow (45-80d),0.42786069651741293,Q4 (Bottom),0.5907300811843536,59.1,Critical Risk,Lead Source: Outbound,Escalate to senior rep + schedule executive sponsor call
D03264,2024-01-06,2024-02-08,rep_3,FinTech,North America,Pro,Referral,Proposal,9711,33,Won,1,2024,1,2024Q1,2024Q1,2024Q1,Small (<10K),Normal (20-45d),0.4722222222222222,Q1 (Top),0.5907204101354532,59.1,Critical Risk,Lead Source: Referral,Escalate to senior rep + schedule executive sponsor call
D00102,2024-03-10,2024-06-30,rep_11,HealthTech,Europe,Enterprise,Outbound,Qualified,7429,112,Lost,0,2024,3,2024Q1,2024Q2,2024Q1,Small (<10K),Stalled (80d+),0.465,Q2,0.5911526765391044,59.1,Critical Risk,Long cycle: 112d | Lead Source: Outbound,Escalate to senior rep + schedule executive sponsor call
D00056,2024-03-11,2024-06-13,rep_14,EdTech,North America,Enterprise,Partner,Closed,17272,94,Lost,0,2024,3,2024Q1,2024Q2,2024Q1,Mid (10-30K),Stalled (80d+),0.4396135265700483,Q4 (Bottom),0.5901418222201126,59.0,Critical Risk,Long cycle: 94d | Lead Source: Partner,Escalate to senior rep + schedule executive sponsor call
D04267,2024-01-31,2024-03-25,rep_11,Ecommerce,India,Core,Inbound,Negotiation,4478,54,Lost,0,2024,1,2024Q1,2024Q1,2024Q1,Small (<10K),Slow (45-80d),0.465,Q2,0.5903804792937626,59.0,Critical Risk,Lead Source: Inbound,Escalate to senior rep + schedule executive sponsor call
D04087,2024-03-20,2024-05-30,rep_2,EdTech,APAC,Enterprise,Outbound,Closed,7930,71,Lost,0,2024,3,2024Q1,2024Q2,2024Q1,Small (<10K),Slow (45-80d),0.46153846153846156,Q2,0.5901013232965494,59.0,Critical Risk,Lead Source: Outbound,Escalate to senior rep + schedule executive sponsor call
D00283,2024-02-04,2024-05-19,rep_11,Ecommerce,North America,Enterprise,Partner,Negotiation,9731,105,Lost,0,2024,2,2024Q1,2024Q2,2024Q1,Small (<10K),Stalled (80d+),0.465,Q2,0.5900630817268373,59.0,Critical Risk,Long cycle: 105d | Lead Source: Partner,Escalate to senior rep + schedule executive sponsor call
D04726,2024-01-31,2024-05-11,rep_1,FinTech,APAC,Core,Partner,Proposal,7585,101,Lost,0,2024,1,2024Q1,2024Q2,2024Q1,Small (<10K),Stalled (80d+),0.4549763033175355,Q2,0.5904481914239036,59.0,Critical Risk,Long cycle: 101d | Lead Source: Partner,Escalate to senior rep + schedule executive sponsor call
D00437,2024-03-13,2024-03-22,rep_7,HealthTech,India,Core,Inbound,Qualified,52983,9,Won,1,2024,3,2024Q1,2024Q1,2024Q1,Large (30-60K),Fast (<20d),0.4166666666666667,Q4 (Bottom),0.5904560480749892,59.0,Critical Risk,Lead Source: Inbound,Escalate to senior rep + schedule executive sponsor call
D00388,2024-01-07,2024-03-28,rep_4,EdTech,North America,Core,Partner,Demo,36805,81,Lost,0,2024,1,2024Q1,2024Q1,2024Q1,Large (30-60K),Stalled (80d+),0.458128078817734,Q2,0.588743335697742,58.9,Critical Risk,Long cycle: 81d | Lead Source: Partner,Escalate to senior rep + schedule executive sponsor call
D03887,2024-02-02,2024-05-24,rep_16,FinTech,Europe,Pro,Partner,Negotiation,9992,112,Won,1,2024,2,2024Q1,2024Q2,2024Q1,Small (<10K),Stalled (80d+),0.47085201793721976,Q1 (Top),0.5885268312512688,58.9,Critical Risk,Long cycle: 112d | Lead Source: Partner,Escalate to senior rep + schedule executive sponsor call
D01768,2024-03-21,2024-06-18,rep_24,HealthTech,Europe,Pro,Referral,Proposal,8414,89,Lost,0,2024,3,2024Q1,2024Q2,2024Q1,Small (<10K),Stalled (80d+),0.4482758620689655,Q3,0.5893806086224781,58.9,Critical Risk,Long cycle: 89d | Lead Source: Referral,Escalate to senior rep + schedule executive sponsor call
D02729,2024-03-05,2024-05-04,rep_1,FinTech,Europe,Pro,Inbound,Demo,82978,60,Won,1,2024,3,2024Q1,2024Q2,2024Q1,Enterprise (60K+),Slow (45-80d),0.4549763033175355,Q2,0.5887250143059927,58.9,Critical Risk,"Large deal: $82,978 | Lead Source: Inbound",Escalate to senior rep + schedule executive sponsor call
D01634,2024-03-03,2024-05-27,rep_1,EdTech,India,Enterprise,Partner,Negotiation,54711,85,Won,1,2024,3,2024Q1,2024Q2,2024Q1,Large (30-60K),Stalled (80d+),0.4549763033175355,Q2,0.5887576741106345,58.9,Critical Risk,Long cycle: 85d | Lead Source: Partner,Escalate to senior rep + schedule executive sponsor call
D03472,2024-01-28,2024-04-14,rep_20,Ecommerce,Europe,Pro,Partner,Qualified,18366,77,Lost,0,2024,1,2024Q1,2024Q2,2024Q1,Mid (10-30K),Slow (45-80d),0.46956521739130436,Q2,0.5890656270026171,58.9,Critical Risk,Long cycle: 77d | Lead Source: Partner,Escalate to senior rep + schedule executive sponsor call
D00837,2024-01-21,2024-05-03,rep_1,SaaS,India,Pro,Inbound,Demo,43680,103,Won,1,2024,1,2024Q1,2024Q2,2024Q1,Large (30-60K),Stalled (80d+),0.4549763033175355,Q2,0.5880693415908493,58.8,Critical Risk,Long cycle: 103d | Lead Source: Inbound,Escalate to senior rep + schedule executive sponsor call
D00324,2024-03-04,2024-04-13,rep_2,HealthTech,Europe,Core,Outbound,Negotiation,7643,40,Lost,0,2024,3,2024Q1,2024Q2,2024Q1,Small (<10K),Normal (20-45d),0.46153846153846156,Q2,0.5883514923833489,58.8,Critical Risk,Lead Source: Outbound,Escalate to senior rep + schedule executive sponsor call
D00934,2024-02-29,2024-03-13,rep_24,HealthTech,India,Pro,Outbound,Negotiation,36891,13,Lost,0,2024,2,2024Q1,2024Q1,2024Q1,Large (30-60K),Fast (<20d),0.4482758620689655,Q3,0.587503342812122,58.8,Critical Risk,Lead Source: Outbound,Escalate to senior rep + schedule executive sponsor call
D01984,2024-01-06,2024-01-21,rep_13,Ecommerce,APAC,Core,Partner,Qualified,75020,15,Lost,0,2024,1,2024Q1,2024Q1,2024Q1,Enterprise (60K+),Fast (<20d),0.441025641025641,Q4 (Bottom),0.5876210756465131,58.8,Critical Risk,"Large deal: $75,020 | Lead Source: Partner",Escalate to senior rep + schedule executive sponsor call
D00731,2024-01-26,2024-03-23,rep_22,Ecommerce,North America,Pro,Referral,Qualified,30161,57,Lost,0,2024,1,2024Q1,2024Q1,2024Q1,Large (30-60K),Slow (45-80d),0.4009433962264151,Q4 (Bottom),0.588031083564877,58.8,Critical Risk,Lead Source: Referral,Escalate to senior rep + schedule executive sponsor call
D02858,2024-02-11,2024-03-14,rep_19,EdTech,North America,Core,Referral,Negotiation,14576,32,Won,1,2024,2,2024Q1,2024Q1,2024Q1,Mid (10-30K),Normal (20-45d),0.47959183673469385,Q1 (Top),0.5877980672775637,58.8,Critical Risk,Lead Source: Referral,Escalate to senior rep + schedule executive sponsor call
D00052,2024-01-25,2024-05-23,rep_24,SaaS,North America,Pro,Outbound,Qualified,12133,119,Won,1,2024,1,2024Q1,2024Q2,2024Q1,Mid (10-30K),Stalled (80d+),0.4482758620689655,Q3,0.5871788616771885,58.7,Critical Risk,Long cycle: 119d | Lead Source: Outbound,Escalate to senior rep + schedule executive sponsor call
D01131,2024-01-20,2024-03-07,rep_6,SaaS,APAC,Enterprise,Referral,Closed,40434,47,Lost,0,2024,1,2024Q1,2024Q1,2024Q1,Large (30-60K),Slow (45-80d),0.42786069651741293,Q4 (Bottom),0.5872620186051355,58.7,Critical Risk,Lead Source: Referral,Escalate to senior rep + schedule executive sponsor call
D02778,2024-01-31,2024-04-14,rep_17,Ecommerce,APAC,Core,Referral,Qualified,3144,74,Lost,0,2024,1,2024Q1,2024Q2,2024Q1,Small (<10K),Slow (45-80d),0.44571428571428573,Q3,0.5869089612016447,58.7,Critical Risk,Lead Source: Referral,Escalate to senior rep + schedule executive sponsor call
D01014,2024-01-18,2024-04-30,rep_2,FinTech,North America,Core,Referral,Demo,6392,103,Lost,0,2024,1,2024Q1,2024Q2,2024Q1,Small (<10K),Stalled (80d+),0.46153846153846156,Q2,0.5871632898305212,58.7,Critical Risk,Long cycle: 103d | Lead Source: Referral,Escalate to senior rep + schedule executive sponsor call
D00983,2024-02-16,2024-05-07,rep_7,EdTech,APAC,Core,Partner,Closed,12096,81,Won,1,2024,2,2024Q1,2024Q2,2024Q1,Mid (10-30K),Stalled (80d+),0.4166666666666667,Q4 (Bottom),0.586569147630237,58.7,Critical Risk,Long cycle: 81d | Lead Source: Partner,Escalate to senior rep + schedule executive sponsor call
D02554,2024-02-24,2024-04-04,rep_6,EdTech,Europe,Core,Partner,Closed,36663,40,Lost,0,2024,2,2024Q1,2024Q2,2024Q1,Large (30-60K),Normal (20-45d),0.42786069651741293,Q4 (Bottom),0.5871408070980249,58.7,Critical Risk,Lead Source: Partner,Escalate to senior rep + schedule executive sponsor call
D00654,2024-01-13,2024-03-12,rep_23,EdTech,North America,Pro,Referral,Demo,4725,59,Lost,0,2024,1,2024Q1,2024Q1,2024Q1,Small (<10K),Slow (45-80d),0.44565217391304346,Q3,0.5861607448199463,58.6,Critical Risk,Lead Source: Referral,Escalate to senior rep + schedule executive sponsor call
D01428,2024-03-23,2024-04-14,rep_4,Ecommerce,APAC,Core,Referral,Demo,11924,22,Lost,0,2024,3,2024Q1,2024Q2,2024Q1,Mid (10-30K),Normal (20-45d),0.458128078817734,Q2,0.5857813468613696,58.6,Critical Risk,Lead Source: Referral,Escalate to senior rep + schedule executive sponsor call
D03287,2024-01-29,2024-03-12,rep_12,FinTech,North America,Core,Referral,Negotiation,9371,43,Won,1,2024,1,2024Q1,2024Q1,2024Q1,Small (<10K),Normal (20-45d),0.48333333333333334,Q1 (Top),0.5855327764626312,58.6,Critical Risk,Lead Source: Referral,Escalate to senior rep + schedule executive sponsor call
D03385,2024-01-03,2024-02-14,rep_9,EdTech,APAC,Core,Outbound,Negotiation,3553,42,Lost,0,2024,1,2024Q1,2024Q1,2024Q1,Small (<10K),Normal (20-45d),0.44623655913978494,Q3,0.5845305555178544,58.5,Critical Risk,Lead Source: Outbound,Escalate to senior rep + schedule executive sponsor call
D04704,2024-02-04,2024-05-03,rep_24,EdTech,APAC,Core,Partner,Closed,46276,89,Won,1,2024,2,2024Q1,2024Q2,2024Q1,Large (30-60K),Stalled (80d+),0.4482758620689655,Q3,0.5849061108421172,58.5,Critical Risk,Long cycle: 89d | Lead Source: Partner,Escalate to senior rep + schedule executive sponsor call
D03526,2024-03-10,2024-04-27,rep_22,Ecommerce,North America,Enterprise,Outbound,Demo,4292,48,Lost,0,2024,3,2024Q1,2024Q2,2024Q1,Small (<10K),Slow (45-80d),0.4009433962264151,Q4 (Bottom),0.5839083266584036,58.4,Critical Risk,Lead Source: Outbound,Escalate to senior rep + schedule executive sponsor call
D01056,2024-03-24,2024-05-07,rep_18,Ecommerce,APAC,Core,Outbound,Proposal,71407,44,Lost,0,2024,3,2024Q1,2024Q2,2024Q1,Enterprise (60K+),Normal (20-45d),0.40860215053763443,Q4 (Bottom),0.5835524889267947,58.4,Critical Risk,"Large deal: $71,407 | Lead Source: Outbound",Escalate to senior rep + schedule executive sponsor call
D00848,2024-02-17,2024-05-28,rep_19,HealthTech,APAC,Core,Outbound,Negotiation,17038,101,Lost,0,2024,2,2024Q1,2024Q2,2024Q1,Mid (10-30K),Stalled (80d+),0.47959183673469385,Q1 (Top),0.5837802690552926,58.4,Critical Risk,Long cycle: 101d | Lead Source: Outbound,Escalate to senior rep + schedule executive sponsor call
D00350,2024-02-14,2024-04-14,rep_6,FinTech,India,Enterprise,Referral,Qualified,37368,60,Lost,0,2024,2,2024Q1,2024Q2,2024Q1,Large (30-60K),Slow (45-80d),0.42786069651741293,Q4 (Bottom),0.5839261587152295,58.4,Critical Risk,Lead Source: Referral,Escalate to senior rep + schedule executive sponsor call
D00905,2024-02-28,2024-04-23,rep_4,FinTech,North America,Pro,Partner,Proposal,5043,55,Won,1,2024,2,2024Q1,2024Q2,2024Q1,Small (<10K),Slow (45-80d),0.458128078817734,Q2,0.5841911472710402,58.4,Critical Risk,Lead Source: Partner,Escalate to senior rep + schedule executive sponsor call
D02688,2024-01-08,2024-03-12,rep_25,EdTech,APAC,Core,Partner,Demo,15114,64,Won,1,2024,1,2024Q1,2024Q1,2024Q1,Mid (10-30K),Slow (45-80d),0.45365853658536587,Q3,0.5840103421612415,58.4,Critical Risk,Lead Source: Partner,Escalate to senior rep + schedule executive sponsor call
D04859,2024-01-06,2024-02-07,rep_24,Ecommerce,Europe,Pro,Inbound,Closed,5519,32,Lost,0,2024,1,2024Q1,2024Q1,2024Q1,Small (<10K),Normal (20-45d),0.4482758620689655,Q3,0.5831526803292826,58.3,Critical Risk,Lead Source: Inbound,Escalate to senior rep + schedule executive sponsor call
D01328,2024-02-10,2024-03-17,rep_12,Ecommerce,India,Enterprise,Outbound,Closed,2387,36,Lost,0,2024,2,2024Q1,2024Q1,2024Q1,Small (<10K),Normal (20-45d),0.48333333333333334,Q1 (Top),0.5827817609004462,58.3,Critical Risk,Lead Source: Outbound,Escalate to senior rep + schedule executive sponsor call
D03346,2024-03-23,2024-04-09,rep_24,EdTech,APAC,Pro,Referral,Qualified,19597,17,Lost,0,2024,3,2024Q1,2024Q2,2024Q1,Mid (10-30K),Fast (<20d),0.4482758620689655,Q3,0.5828618791596539,58.3,Critical Risk,Lead Source: Referral,Escalate to senior rep + schedule executive sponsor call
D00096,2024-03-16,2024-06-17,rep_1,EdTech,North America,Pro,Partner,Negotiation,5255,93,Lost,0,2024,3,2024Q1,2024Q2,2024Q1,Small (<10K),Stalled (80d+),0.4549763033175355,Q2,0.5832219135452104,58.3,Critical Risk,Long cycle: 93d | Lead Source: Partner,Escalate to senior rep + schedule executive sponsor call
D04088,2024-02-28,2024-05-31,rep_12,FinTech,North America,Core,Partner,Negotiation,11323,93,Won,1,2024,2,2024Q1,2024Q2,2024Q1,Mid (10-30K),Stalled (80d+),0.48333333333333334,Q1 (Top),0.582560448679589,58.3,Critical Risk,Long cycle: 93d | Lead Source: Partner,Escalate to senior rep + schedule executive sponsor call
D02652,2024-03-20,2024-05-09,rep_2,SaaS,APAC,Enterprise,Referral,Closed,12951,50,Won,1,2024,3,2024Q1,2024Q2,2024Q1,Mid (10-30K),Slow (45-80d),0.46153846153846156,Q2,0.5828658190584908,58.3,Critical Risk,Lead Source: Referral,Escalate to senior rep + schedule executive sponsor call
D02184,2024-03-19,2024-05-01,rep_10,HealthTech,Europe,Core,Outbound,Negotiation,11400,43,Lost,0,2024,3,2024Q1,2024Q2,2024Q1,Mid (10-30K),Normal (20-45d),0.42408376963350786,Q4 (Bottom),0.5822626730084838,58.2,Critical Risk,Lead Source: Outbound,Escalate to senior rep + schedule executive sponsor call
D01104,2024-02-19,2024-05-14,rep_16,HealthTech,APAC,Enterprise,Partner,Negotiation,77012,85,Lost,0,2024,2,2024Q1,2024Q2,2024Q1,Enterprise (60K+),Stalled (80d+),0.47085201793721976,Q1 (Top),0.5818727616570116,58.2,Critical Risk,"Long cycle: 85d | Large deal: $77,012 | Lead Source: Partner",Escalate to senior rep + schedule executive sponsor call
D00700,2024-02-15,2024-04-16,rep_1,Ecommerce,Europe,Core,Inbound,Proposal,87653,61,Won,1,2024,2,2024Q1,2024Q2,2024Q1,Enterprise (60K+),Slow (45-80d),0.4549763033175355,Q2,0.5814805316832813,58.1,Critical Risk,"Large deal: $87,653 | Lead Source: Inbound",Escalate to senior rep + schedule executive sponsor call
D01180,2024-02-04,2024-02-27,rep_7,EdTech,Europe,Pro,Partner,Demo,2567,23,Lost,0,2024,2,2024Q1,2024Q1,2024Q1,Small (<10K),Normal (20-45d),0.4166666666666667,Q4 (Bottom),0.5809272737249223,58.1,Critical Risk,Lead Source: Partner,Escalate to senior rep + schedule executive sponsor call
D04002,2024-02-01,2024-03-12,rep_18,Ecommerce,Europe,Core,Outbound,Demo,77447,40,Won,1,2024,2,2024Q1,2024Q1,2024Q1,Enterprise (60K+),Normal (20-45d),0.40860215053763443,Q4 (Bottom),0.5813810185449777,58.1,Critical Risk,"Large deal: $77,447 | Lead Source: Outbound",Escalate to senior rep + schedule executive sponsor call
D03730,2024-03-18,2024-06-15,rep_19,Ecommerce,India,Core,Referral,Proposal,17751,89,Lost,0,2024,3,2024Q1,2024Q2,2024Q1,Mid (10-30K),Stalled (80d+),0.47959183673469385,Q1 (Top),0.5803841907392102,58.0,Critical Risk,Long cycle: 89d | Lead Source: Referral,Escalate to senior rep + schedule executive sponsor call
D01407,2024-02-11,2024-05-31,rep_2,HealthTech,APAC,Pro,Partner,Demo,8841,110,Lost,0,2024,2,2024Q1,2024Q2,2024Q1,Small (<10K),Stalled (80d+),0.46153846153846156,Q2,0.580073365874797,58.0,Critical Risk,Long cycle: 110d | Lead Source: Partner,Escalate to senior rep + schedule executive sponsor call
D03514,2024-01-14,2024-02-15,rep_16,FinTech,APAC,Enterprise,Outbound,Demo,11677,32,Won,1,2024,1,2024Q1,2024Q1,2024Q1,Mid (10-30K),Normal (20-45d),0.47085201793721976,Q1 (Top),0.5801018847575825,58.0,Critical Risk,Lead Source: Outbound,Escalate to senior rep + schedule executive sponsor call
D02282,2024-02-05,2024-05-20,rep_21,HealthTech,India,Enterprise,Partner,Closed,3506,105,Won,1,2024,2,2024Q1,2024Q2,2024Q1,Small (<10K),Stalled (80d+),0.5096153846153846,Q1 (Top),0.5801600315481372,58.0,Critical Risk,Long cycle: 105d | Lead Source: Partner,Escalate to senior rep + schedule executive sponsor call
D00235,2024-02-09,2024-04-02,rep_22,EdTech,Europe,Enterprise,Inbound,Demo,6398,53,Lost,0,2024,2,2024Q1,2024Q2,2024Q1,Small (<10K),Slow (45-80d),0.4009433962264151,Q4 (Bottom),0.57876790319737,57.9,Critical Risk,Lead Source: Inbound,Escalate to senior rep + schedule executive sponsor call
D03047,2024-01-17,2024-05-10,rep_15,HealthTech,North America,Pro,Inbound,Qualified,13061,114,Lost,0,2024,1,2024Q1,2024Q2,2024Q1,Mid (10-30K),Stalled (80d+),0.44571428571428573,Q3,0.5791740421355409,57.9,Critical Risk,Long cycle: 114d | Lead Source: Inbound,Escalate to senior rep + schedule executive sponsor call
D01701,2024-01-16,2024-03-09,rep_2,FinTech,India,Core,Referral,Demo,5609,53,Won,1,2024,1,2024Q1,2024Q1,2024Q1,Small (<10K),Slow (45-80d),0.46153846153846156,Q2,0.5791800628161398,57.9,Critical Risk,Lead Source: Referral,Escalate to senior rep + schedule executive sponsor call
D04139,2024-01-05,2024-03-04,rep_12,Ecommerce,Europe,Pro,Inbound,Closed,14160,59,Lost,0,2024,1,2024Q1,2024Q1,2024Q1,Mid (10-30K),Slow (45-80d),0.48333333333333334,Q1 (Top),0.5785482244321496,57.9,Critical Risk,Lead Source: Inbound,Escalate to senior rep + schedule executive sponsor call
D02291,2024-03-12,2024-05-11,rep_20,SaaS,North America,Core,Partner,Qualified,24322,60,Lost,0,2024,3,2024Q1,2024Q2,2024Q1,Mid (10-30K),Slow (45-80d),0.46956521739130436,Q2,0.579323963097846,57.9,Critical Risk,Lead Source: Partner,Escalate to senior rep + schedule executive sponsor call
D03172,2024-02-16,2024-03-19,rep_2,EdTech,Europe,Core,Outbound,Demo,2903,32,Lost,0,2024,2,2024Q1,2024Q1,2024Q1,Small (<10K),Normal (20-45d),0.46153846153846156,Q2,0.5794040854439413,57.9,Critical Risk,Lead Source: Outbound,Escalate to senior rep + schedule executive sponsor call
D01811,2024-02-26,2024-03-07,rep_24,Ecommerce,APAC,Pro,Partner,Demo,4914,10,Won,1,2024,2,2024Q1,2024Q1,2024Q1,Small (<10K),Fast (<20d),0.4482758620689655,Q3,0.5788027817111996,57.9,Critical Risk,Lead Source: Partner,Escalate to senior rep + schedule executive sponsor call
D03523,2024-03-14,2024-07-04,rep_5,FinTech,APAC,Core,Inbound,Negotiation,63190,112,Lost,0,2024,3,2024Q1,2024Q3,2024Q1,Enterprise (60K+),Stalled (80d+),0.4577114427860697,Q2,0.5775929869169422,57.8,Critical Risk,"Long cycle: 112d | Large deal: $63,190 | Lead Source: Inbound",Escalate to senior rep + schedule executive sponsor call
D03325,2024-02-09,2024-05-05,rep_18,FinTech,India,Core,Partner,Closed,21803,86,Won,1,2024,2,2024Q1,2024Q2,2024Q1,Mid (10-30K),Stalled (80d+),0.40860215053763443,Q4 (Bottom),0.577803295269468,57.8,Critical Risk,Long cycle: 86d | Lead Source: Partner,Escalate to senior rep + schedule executive sponsor call
D03056,2024-02-26,2024-05-23,rep_7,EdTech,North America,Core,Referral,Proposal,4546,87,Won,1,2024,2,2024Q1,2024Q2,2024Q1,Small (<10K),Stalled (80d+),0.4166666666666667,Q4 (Bottom),0.5781459403216751,57.8,Critical Risk,Long cycle: 87d | Lead Source: Referral,Escalate to senior rep + schedule executive sponsor call
D01761,2024-01-25,2024-03-23,rep_10,Ecommerce,Europe,Core,Outbound,Negotiation,14081,58,Lost,0,2024,1,2024Q1,2024Q1,2024Q1,Mid (10-30K),Slow (45-80d),0.42408376963350786,Q4 (Bottom),0.5782665905139613,57.8,Critical Risk,Lead Source: Outbound,Escalate to senior rep + schedule executive sponsor call
D03263,2024-03-17,2024-07-11,rep_21,EdTech,India,Pro,Outbound,Demo,10103,116,Won,1,2024,3,2024Q1,2024Q3,2024Q1,Mid (10-30K),Stalled (80d+),0.5096153846153846,Q1 (Top),0.5781382958579454,57.8,Critical Risk,Long cycle: 116d | Lead Source: Outbound,Escalate to senior rep + schedule executive sponsor call
D02164,2024-03-09,2024-06-15,rep_18,HealthTech,Europe,Pro,Referral,Qualified,15039,98,Won,1,2024,3,2024Q1,2024Q2,2024Q1,Mid (10-30K),Stalled (80d+),0.40860215053763443,Q4 (Bottom),0.5767663546956442,57.7,Critical Risk,Long cycle: 98d | Lead Source: Referral,Escalate to senior rep + schedule executive sponsor call
D01965,2024-02-19,2024-03-14,rep_21,HealthTech,India,Enterprise,Partner,Demo,6416,24,Lost,0,2024,2,2024Q1,2024Q1,2024Q1,Small (<10K),Normal (20-45d),0.5096153846153846,Q1 (Top),0.5763636460398683,57.6,Critical Risk,Lead Source: Partner,Escalate to senior rep + schedule executive sponsor call
D04056,2024-03-20,2024-04-03,rep_20,FinTech,Europe,Pro,Referral,Negotiation,2413,14,Lost,0,2024,3,2024Q1,2024Q2,2024Q1,Small (<10K),Fast (<20d),0.46956521739130436,Q2,0.5762410981709292,57.6,Critical Risk,Lead Source: Referral,Escalate to senior rep + schedule executive sponsor call
D04090,2024-03-11,2024-06-15,rep_3,HealthTech,India,Enterprise,Referral,Negotiation,7706,96,Lost,0,2024,3,2024Q1,2024Q2,2024Q1,Small (<10K),Stalled (80d+),0.4722222222222222,Q1 (Top),0.5762157248835413,57.6,Critical Risk,Long cycle: 96d | Lead Source: Referral,Escalate to senior rep + schedule executive sponsor call
D01382,2024-02-18,2024-03-21,rep_18,FinTech,India,Enterprise,Partner,Demo,9103,32,Lost,0,2024,2,2024Q1,2024Q1,2024Q1,Small (<10K),Normal (20-45d),0.40860215053763443,Q4 (Bottom),0.5757642631468886,57.6,Critical Risk,Lead Source: Partner,Escalate to senior rep + schedule executive sponsor call
D02593,2024-01-18,2024-05-09,rep_2,EdTech,Europe,Pro,Partner,Demo,19477,112,Lost,0,2024,1,2024Q1,2024Q2,2024Q1,Mid (10-30K),Stalled (80d+),0.46153846153846156,Q2,0.5757540053129779,57.6,Critical Risk,Long cycle: 112d | Lead Source: Partner,Escalate to senior rep + schedule executive sponsor call
D03188,2024-01-05,2024-02-27,rep_7,HealthTech,North America,Pro,Outbound,Closed,69600,53,Lost,0,2024,1,2024Q1,2024Q1,2024Q1,Enterprise (60K+),Slow (45-80d),0.4166666666666667,Q4 (Bottom),0.5753173153548716,57.5,Critical Risk,"Large deal: $69,600 | Lead Source: Outbound",Escalate to senior rep + schedule executive sponsor call
D01754,2024-02-25,2024-06-02,rep_7,SaaS,APAC,Core,Outbound,Demo,17353,98,Won,1,2024,2,2024Q1,2024Q2,2024Q1,Mid (10-30K),Stalled (80d+),0.4166666666666667,Q4 (Bottom),0.5753888204639777,57.5,Critical Risk,Long cycle: 98d | Lead Source: Outbound,Escalate to senior rep + schedule executive sponsor call
D00511,2024-01-13,2024-05-07,rep_12,SaaS,Europe,Core,Outbound,Proposal,7040,115,Won,1,2024,1,2024Q1,2024Q2,2024Q1,Small (<10K),Stalled (80d+),0.48333333333333334,Q1 (Top),0.5747795390264696,57.5,Critical Risk,Long cycle: 115d | Lead Source: Outbound,Escalate to senior rep + schedule executive sponsor call
D01425,2024-02-04,2024-02-25,rep_21,HealthTech,North America,Enterprise,Referral,Closed,5186,21,Lost,0,2024,2,2024Q1,2024Q1,2024Q1,Small (<10K),Normal (20-45d),0.5096153846153846,Q1 (Top),0.575443991128437,57.5,Critical Risk,Lead Source: Referral,Escalate to senior rep + schedule executive sponsor call
D02936,2024-03-21,2024-05-26,rep_20,Ecommerce,India,Enterprise,Outbound,Negotiation,17728,66,Won,1,2024,3,2024Q1,2024Q2,2024Q1,Mid (10-30K),Slow (45-80d),0.46956521739130436,Q2,0.5736268902789767,57.4,Critical Risk,Lead Source: Outbound,Escalate to senior rep + schedule executive sponsor call
D04364,2024-02-14,2024-04-09,rep_12,HealthTech,India,Core,Partner,Closed,17766,55,Won,1,2024,2,2024Q1,2024Q2,2024Q1,Mid (10-30K),Slow (45-80d),0.48333333333333334,Q1 (Top),0.5741398587340293,57.4,Critical Risk,Lead Source: Partner,Escalate to senior rep + schedule executive sponsor call
D04098,2024-02-12,2024-05-31,rep_21,FinTech,APAC,Pro,Partner,Demo,75248,109,Won,1,2024,2,2024Q1,2024Q2,2024Q1,Enterprise (60K+),Stalled (80d+),0.5096153846153846,Q1 (Top),0.5739310569338227,57.4,Critical Risk,"Long cycle: 109d | Large deal: $75,248 | Lead Source: Partner",Escalate to senior rep + schedule executive sponsor call
D01755,2024-01-04,2024-02-16,rep_8,HealthTech,Europe,Pro,Outbound,Closed,13990,43,Lost,0,2024,1,2024Q1,2024Q1,2024Q1,Mid (10-30K),Normal (20-45d),0.48128342245989303,Q1 (Top),0.5736841187555581,57.4,Critical Risk,Lead Source: Outbound,Escalate to senior rep + schedule executive sponsor call
D00862,2024-02-14,2024-05-18,rep_5,FinTech,North America,Core,Outbound,Negotiation,85779,94,Lost,0,2024,2,2024Q1,2024Q2,2024Q1,Enterprise (60K+),Stalled (80d+),0.4577114427860697,Q2,0.5736761791256849,57.4,Critical Risk,"Long cycle: 94d | Large deal: $85,779 | Lead Source: Outbound",Escalate to senior rep + schedule executive sponsor call
D02953,2024-02-14,2024-05-06,rep_21,Ecommerce,Europe,Pro,Outbound,Qualified,36476,82,Lost,0,2024,2,2024Q1,2024Q2,2024Q1,Large (30-60K),Stalled (80d+),0.5096153846153846,Q1 (Top),0.5741661809851752,57.4,Critical Risk,Long cycle: 82d | Lead Source: Outbound,Escalate to senior rep + schedule executive sponsor call
D01558,2024-03-02,2024-03-23,rep_17,EdTech,Europe,Pro,Inbound,Demo,6907,21,Lost,0,2024,3,2024Q1,2024Q1,2024Q1,Small (<10K),Normal (20-45d),0.44571428571428573,Q3,0.5726114672007845,57.3,Critical Risk,Lead Source: Inbound,Escalate to senior rep + schedule executive sponsor call
D03859,2024-02-22,2024-06-02,rep_20,SaaS,Europe,Pro,Inbound,Qualified,27088,101,Lost,0,2024,2,2024Q1,2024Q2,2024Q1,Mid (10-30K),Stalled (80d+),0.46956521739130436,Q2,0.5728110221287359,57.3,Critical Risk,Long cycle: 101d | Lead Source: Inbound,Escalate to senior rep + schedule executive sponsor call
D01775,2024-01-04,2024-02-27,rep_6,HealthTech,India,Core,Outbound,Demo,4885,54,Lost,0,2024,1,2024Q1,2024Q1,2024Q1,Small (<10K),Slow (45-80d),0.42786069651741293,Q4 (Bottom),0.573260688709049,57.3,Critical Risk,Lead Source: Outbound,Escalate to senior rep + schedule executive sponsor call
D01293,2024-03-21,2024-06-16,rep_5,SaaS,Europe,Core,Inbound,Demo,76935,87,Won,1,2024,3,2024Q1,2024Q2,2024Q1,Enterprise (60K+),Stalled (80d+),0.4577114427860697,Q2,0.5731739331244673,57.3,Critical Risk,"Long cycle: 87d | Large deal: $76,935 | Lead Source: Inbound",Escalate to senior rep + schedule executive sponsor call
D00158,2024-02-09,2024-04-19,rep_5,SaaS,North America,Core,Partner,Closed,17376,70,Won,1,2024,2,2024Q1,2024Q2,2024Q1,Mid (10-30K),Slow (45-80d),0.4577114427860697,Q2,0.5731891921237038,57.3,Critical Risk,Lead Source: Partner,Escalate to senior rep + schedule executive sponsor call
D01044,2024-01-06,2024-04-20,rep_19,EdTech,India,Pro,Partner,Closed,6172,105,Lost,0,2024,1,2024Q1,2024Q2,2024Q1,Small (<10K),Stalled (80d+),0.47959183673469385,Q1 (Top),0.5717314094979555,57.2,Critical Risk,Long cycle: 105d | Lead Source: Partner,Escalate to senior rep + schedule executive sponsor call
D02295,2024-03-09,2024-06-28,rep_6,SaaS,North America,Pro,Inbound,Qualified,80808,111,Won,1,2024,3,2024Q1,2024Q2,2024Q1,Enterprise (60K+),Stalled (80d+),0.42786069651741293,Q4 (Bottom),0.5715987636877221,57.2,Critical Risk,"Long cycle: 111d | Large deal: $80,808 | Lead Source: Inbound",Escalate to senior rep + schedule executive sponsor call
D00765,2024-03-13,2024-06-24,rep_12,Ecommerce,India,Enterprise,Inbound,Proposal,12278,103,Lost,0,2024,3,2024Q1,2024Q2,2024Q1,Mid (10-30K),Stalled (80d+),0.48333333333333334,Q1 (Top),0.571748187983472,57.2,Critical Risk,Long cycle: 103d | Lead Source: Inbound,Escalate to senior rep + schedule executive sponsor call
D01009,2024-02-17,2024-05-06,rep_20,SaaS,North America,Enterprise,Referral,Negotiation,7759,79,Lost,0,2024,2,2024Q1,2024Q2,2024Q1,Small (<10K),Slow (45-80d),0.46956521739130436,Q2,0.5720773543180406,57.2,Critical Risk,Long cycle: 79d | Lead Source: Referral,Escalate to senior rep + schedule executive sponsor call
D02852,2024-03-08,2024-05-26,rep_5,EdTech,APAC,Core,Partner,Negotiation,8318,79,Won,1,2024,3,2024Q1,2024Q2,2024Q1,Small (<10K),Slow (45-80d),0.4577114427860697,Q2,0.5723042355505739,57.2,Critical Risk,Long cycle: 79d | Lead Source: Partner,Escalate to senior rep + schedule executive sponsor call
D02651,2024-01-25,2024-03-02,rep_24,Ecommerce,APAC,Pro,Partner,Negotiation,54628,37,Won,1,2024,1,2024Q1,2024Q1,2024Q1,Large (30-60K),Normal (20-45d),0.4482758620689655,Q3,0.5715181450838893,57.2,Critical Risk,Lead Source: Partner,Escalate to senior rep + schedule executive sponsor call
D04765,2024-02-22,2024-04-15,rep_22,FinTech,Europe,Enterprise,Inbound,Demo,59749,53,Lost,0,2024,2,2024Q1,2024Q2,2024Q1,Large (30-60K),Slow (45-80d),0.4009433962264151,Q4 (Bottom),0.5718513077251646,57.2,Critical Risk,Lead Source: Inbound,Escalate to senior rep + schedule executive sponsor call
D00758,2024-02-06,2024-04-13,rep_25,SaaS,APAC,Pro,Referral,Negotiation,41945,67,Lost,0,2024,2,2024Q1,2024Q2,2024Q1,Large (30-60K),Slow (45-80d),0.45365853658536587,Q3,0.5712926755615914,57.1,Critical Risk,Lead Source: Referral,Escalate to senior rep + schedule executive sponsor call
D02646,2024-02-18,2024-06-01,rep_16,FinTech,Europe,Core,Partner,Qualified,9637,104,Lost,0,2024,2,2024Q1,2024Q2,2024Q1,Small (<10K),Stalled (80d+),0.47085201793721976,Q1 (Top),0.5707968222957467,57.1,Critical Risk,Long cycle: 104d | Lead Source: Partner,Escalate to senior rep + schedule executive sponsor call
D02919,2024-01-27,2024-04-22,rep_5,EdTech,North America,Core,Partner,Closed,23371,86,Lost,0,2024,1,2024Q1,2024Q2,2024Q1,Mid (10-30K),Stalled (80d+),0.4577114427860697,Q2,0.5710062125150396,57.1,Critical Risk,Long cycle: 86d | Lead Source: Partner,Escalate to senior rep + schedule executive sponsor call
D02183,2024-03-07,2024-05-29,rep_19,SaaS,APAC,Pro,Inbound,Qualified,17809,83,Lost,0,2024,3,2024Q1,2024Q2,2024Q1,Mid (10-30K),Stalled (80d+),0.47959183673469385,Q1 (Top),0.5711546962147614,57.1,Critical Risk,Long cycle: 83d | Lead Source: Inbound,Escalate to senior rep + schedule executive sponsor call
D00223,2024-02-06,2024-04-10,rep_22,SaaS,India,Core,Partner,Demo,17060,64,Lost,0,2024,2,2024Q1,2024Q2,2024Q1,Mid (10-30K),Slow (45-80d),0.4009433962264151,Q4 (Bottom),0.5695560489016113,57.0,Critical Risk,Lead Source: Partner,Escalate to senior rep + schedule executive sponsor call
D04845,2024-02-03,2024-04-14,rep_15,FinTech,India,Core,Outbound,Negotiation,15236,71,Won,1,2024,2,2024Q1,2024Q2,2024Q1,Mid (10-30K),Slow (45-80d),0.44571428571428573,Q3,0.5698935219285831,57.0,Critical Risk,Lead Source: Outbound,Escalate to senior rep + schedule executive sponsor call
D02166,2024-01-17,2024-04-21,rep_8,FinTech,North America,Enterprise,Outbound,Proposal,31626,95,Lost,0,2024,1,2024Q1,2024Q2,2024Q1,Large (30-60K),Stalled (80d+),0.48128342245989303,Q1 (Top),0.5704886903900668,57.0,Critical Risk,Long cycle: 95d | Lead Source: Outbound,Escalate to senior rep + schedule executive sponsor call
D04519,2024-02-01,2024-02-21,rep_10,EdTech,India,Enterprise,Inbound,Qualified,3998,20,Lost,0,2024,2,2024Q1,2024Q1,2024Q1,Small (<10K),Fast (<20d),0.42408376963350786,Q4 (Bottom),0.5696965095024367,57.0,Critical Risk,Lead Source: Inbound,Escalate to senior rep + schedule executive sponsor call
D01201,2024-01-11,2024-04-22,rep_2,SaaS,APAC,Enterprise,Outbound,Closed,93778,102,Won,1,2024,1,2024Q1,2024Q2,2024Q1,Enterprise (60K+),Stalled (80d+),0.46153846153846156,Q2,0.5701126121531392,57.0,Critical Risk,"Long cycle: 102d | Large deal: $93,778 | Lead Source: Outbound",Escalate to senior rep + schedule executive sponsor call
D03020,2024-02-22,2024-03-28,rep_11,Ecommerce,Europe,Enterprise,Inbound,Closed,4585,35,Lost,0,2024,2,2024Q1,2024Q1,2024Q1,Small (<10K),Normal (20-45d),0.465,Q2,0.5704219353788978,57.0,Critical Risk,Lead Source: Inbound,Escalate to senior rep + schedule executive sponsor call
D03571,2024-01-05,2024-03-12,rep_18,FinTech,Europe,Core,Partner,Closed,7226,67,Lost,0,2024,1,2024Q1,2024Q1,2024Q1,Small (<10K),Slow (45-80d),0.40860215053763443,Q4 (Bottom),0.5686794491785463,56.9,Critical Risk,Lead Source: Partner,Escalate to senior rep + schedule executive sponsor call
D03520,2024-03-26,2024-04-03,rep_16,HealthTech,North America,Core,Outbound,Demo,48454,8,Lost,0,2024,3,2024Q1,2024Q2,2024Q1,Large (30-60K),Fast (<20d),0.47085201793721976,Q1 (Top),0.5690175216197237,56.9,Critical Risk,Lead Source: Outbound,Escalate to senior rep + schedule executive sponsor call
D01036,2024-03-04,2024-05-23,rep_15,EdTech,North America,Enterprise,Outbound,Demo,13385,80,Won,1,2024,3,2024Q1,2024Q2,2024Q1,Mid (10-30K),Slow (45-80d),0.44571428571428573,Q3,0.5692659467996701,56.9,Critical Risk,Long cycle: 80d | Lead Source: Outbound,Escalate to senior rep + schedule executive sponsor call
D00210,2024-02-16,2024-05-25,rep_2,SaaS,Europe,Enterprise,Outbound,Negotiation,11328,99,Lost,0,2024,2,2024Q1,2024Q2,2024Q1,Mid (10-30K),Stalled (80d+),0.46153846153846156,Q2,0.5685594831376066,56.9,Critical Risk,Long cycle: 99d | Lead Source: Outbound,Escalate to senior rep + schedule executive sponsor call
D00463,2024-02-25,2024-04-19,rep_24,FinTech,APAC,Core,Outbound,Qualified,54840,54,Lost,0,2024,2,2024Q1,2024Q2,2024Q1,Large (30-60K),Slow (45-80d),0.4482758620689655,Q3,0.5689941787030137,56.9,Critical Risk,Lead Source: Outbound,Escalate to senior rep + schedule executive sponsor call
D02816,2024-01-24,2024-03-13,rep_3,Ecommerce,North America,Enterprise,Partner,Qualified,15244,49,Lost,0,2024,1,2024Q1,2024Q1,2024Q1,Mid (10-30K),Slow (45-80d),0.4722222222222222,Q1 (Top),0.5691478793135191,56.9,Critical Risk,Lead Source: Partner,Escalate to senior rep + schedule executive sponsor call
D04217,2024-01-27,2024-04-14,rep_5,Ecommerce,Europe,Pro,Referral,Demo,6375,78,Won,1,2024,1,2024Q1,2024Q2,2024Q1,Small (<10K),Slow (45-80d),0.4577114427860697,Q2,0.5678442988303459,56.8,Critical Risk,Long cycle: 78d | Lead Source: Referral,Escalate to senior rep + schedule executive sponsor call
D03769,2024-03-07,2024-04-23,rep_24,Ecommerce,North America,Enterprise,Referral,Qualified,19262,47,Won,1,2024,3,2024Q1,2024Q2,2024Q1,Mid (10-30K),Slow (45-80d),0.4482758620689655,Q3,0.5676358286897896,56.8,Critical Risk,Lead Source: Referral,Escalate to senior rep + schedule executive sponsor call
D00209,2024-02-02,2024-03-16,rep_12,SaaS,India,Pro,Inbound,Proposal,18628,43,Won,1,2024,2,2024Q1,2024Q1,2024Q1,Mid (10-30K),Normal (20-45d),0.48333333333333334,Q1 (Top),0.567919641529427,56.8,Critical Risk,Lead Source: Inbound,Escalate to senior rep + schedule executive sponsor call
D00551,2024-03-08,2024-05-09,rep_4,EdTech,India,Pro,Outbound,Proposal,12466,62,Lost,0,2024,3,2024Q1,2024Q2,2024Q1,Mid (10-30K),Slow (45-80d),0.458128078817734,Q2,0.5678512032528872,56.8,Critical Risk,Lead Source: Outbound,Escalate to senior rep + schedule executive sponsor call
D04715,2024-03-19,2024-05-14,rep_3,SaaS,Europe,Core,Referral,Closed,2388,56,Won,1,2024,3,2024Q1,2024Q2,2024Q1,Small (<10K),Slow (45-80d),0.4722222222222222,Q1 (Top),0.5682011999046971,56.8,Critical Risk,Lead Source: Referral,Escalate to senior rep + schedule executive sponsor call
D01991,2024-02-25,2024-05-09,rep_15,EdTech,Europe,Pro,Outbound,Demo,4987,74,Won,1,2024,2,2024Q1,2024Q2,2024Q1,Small (<10K),Slow (45-80d),0.44571428571428573,Q3,0.5682215892847048,56.8,Critical Risk,Lead Source: Outbound,Escalate to senior rep + schedule executive sponsor call
D01078,2024-01-18,2024-04-26,rep_1,EdTech,India,Core,Outbound,Negotiation,88731,99,Lost,0,2024,1,2024Q1,2024Q2,2024Q1,Enterprise (60K+),Stalled (80d+),0.4549763033175355,Q2,0.5665324110745393,56.7,Critical Risk,"Long cycle: 99d | Large deal: $88,731 | Lead Source: Outbound",Escalate to senior rep + schedule executive sponsor call
D01161,2024-01-25,2024-03-27,rep_6,HealthTech,North America,Core,Outbound,Closed,64883,62,Lost,0,2024,1,2024Q1,2024Q1,2024Q1,Enterprise (60K+),Slow (45-80d),0.42786069651741293,Q4 (Bottom),0.5663152564776107,56.6,Critical Risk,"Large deal: $64,883 | Lead Source: Outbound",Escalate to senior rep + schedule executive sponsor call
D04316,2024-02-24,2024-05-30,rep_9,Ecommerce,North America,Core,Inbound,Closed,7212,96,Lost,0,2024,2,2024Q1,2024Q2,2024Q1,Small (<10K),Stalled (80d+),0.44623655913978494,Q3,0.5660191677041686,56.6,Critical Risk,Long cycle: 96d | Lead Source: Inbound,Escalate to senior rep + schedule executive sponsor call
D00495,2024-01-04,2024-02-20,rep_17,FinTech,India,Pro,Inbound,Qualified,90275,47,Won,1,2024,1,2024Q1,2024Q1,2024Q1,Enterprise (60K+),Slow (45-80d),0.44571428571428573,Q3,0.5662670505388946,56.6,Critical Risk,"Large deal: $90,275 | Lead Source: Inbound",Escalate to senior rep + schedule executive sponsor call
D03547,2024-02-04,2024-03-19,rep_2,FinTech,North America,Enterprise,Inbound,Qualified,81190,44,Won,1,2024,2,2024Q1,2024Q1,2024Q1,Enterprise (60K+),Normal (20-45d),0.46153846153846156,Q2,0.564796250515414,56.5,Critical Risk,"Large deal: $81,190 | Lead Source: Inbound",Escalate to senior rep + schedule executive sponsor call
D00241,2024-02-13,2024-04-11,rep_24,SaaS,Europe,Pro,Referral,Qualified,18493,58,Lost,0,2024,2,2024Q1,2024Q2,2024Q1,Mid (10-30K),Slow (45-80d),0.4482758620689655,Q3,0.5654936597605035,56.5,Critical Risk,Lead Source: Referral,Escalate to senior rep + schedule executive sponsor call
D03702,2024-01-20,2024-02-17,rep_22,HealthTech,North America,Core,Outbound,Closed,14033,28,Won,1,2024,1,2024Q1,2024Q1,2024Q1,Mid (10-30K),Normal (20-45d),0.4009433962264151,Q4 (Bottom),0.5647046441741127,56.5,Critical Risk,Lead Source: Outbound,Escalate to senior rep + schedule executive sponsor call
D03675,2024-01-19,2024-03-15,rep_25,EdTech,Europe,Pro,Inbound,Demo,12690,56,Lost,0,2024,1,2024Q1,2024Q1,2024Q1,Mid (10-30K),Slow (45-80d),0.45365853658536587,Q3,0.5650478613092588,56.5,Critical Risk,Lead Source: Inbound,Escalate to senior rep + schedule executive sponsor call
D00549,2024-01-22,2024-05-12,rep_16,SaaS,Europe,Pro,Referral,Proposal,15602,111,Won,1,2024,1,2024Q1,2024Q2,2024Q1,Mid (10-30K),Stalled (80d+),0.47085201793721976,Q1 (Top),0.5641574744075516,56.4,Critical Risk,Long cycle: 111d | Lead Source: Referral,Escalate to senior rep + schedule executive sponsor call
D00626,2024-01-15,2024-02-12,rep_4,HealthTech,India,Enterprise,Referral,Negotiation,46248,28,Won,1,2024,1,2024Q1,2024Q1,2024Q1,Large (30-60K),Normal (20-45d),0.458128078817734,Q2,0.5637666001122873,56.4,Critical Risk,Lead Source: Referral,Escalate to senior rep + schedule executive sponsor call
D01748,2024-03-06,2024-05-05,rep_23,Ecommerce,Europe,Core,Referral,Demo,15544,60,Lost,0,2024,3,2024Q1,2024Q2,2024Q1,Mid (10-30K),Slow (45-80d),0.44565217391304346,Q3,0.5636385696400814,56.4,Critical Risk,Lead Source: Referral,Escalate to senior rep + schedule executive sponsor call
D00224,2024-02-13,2024-03-22,rep_24,Ecommerce,APAC,Pro,Inbound,Demo,12390,38,Lost,0,2024,2,2024Q1,2024Q1,2024Q1,Mid (10-30K),Normal (20-45d),0.4482758620689655,Q3,0.5640851554679223,56.4,Critical Risk,Lead Source: Inbound,Escalate to senior rep + schedule executive sponsor call
D01862,2024-02-27,2024-05-18,rep_8,FinTech,Europe,Pro,Referral,Proposal,7200,81,Won,1,2024,2,2024Q1,2024Q2,2024Q1,Small (<10K),Stalled (80d+),0.48128342245989303,Q1 (Top),0.5644924241259963,56.4,Critical Risk,Long cycle: 81d | Lead Source: Referral,Escalate to senior rep + schedule executive sponsor call
D03522,2024-02-07,2024-03-28,rep_1,HealthTech,North America,Enterprise,Referral,Demo,92979,50,Lost,0,2024,2,2024Q1,2024Q1,2024Q1,Enterprise (60K+),Slow (45-80d),0.4549763033175355,Q2,0.5635698586474945,56.4,Critical Risk,"Large deal: $92,979 | Lead Source: Referral",Escalate to senior rep + schedule executive sponsor call
D01179,2024-03-26,2024-07-02,rep_6,FinTech,North America,Enterprise,Inbound,Proposal,3250,98,Lost,0,2024,3,2024Q1,2024Q3,2024Q1,Small (<10K),Stalled (80d+),0.42786069651741293,Q4 (Bottom),0.5634058520265165,56.3,Critical Risk,Long cycle: 98d | Lead Source: Inbound,Escalate to senior rep + schedule executive sponsor call
D04577,2024-01-06,2024-04-12,rep_16,Ecommerce,Europe,Enterprise,Outbound,Demo,17348,97,Lost,0,2024,1,2024Q1,2024Q2,2024Q1,Mid (10-30K),Stalled (80d+),0.47085201793721976,Q1 (Top),0.562938422905067,56.3,Critical Risk,Long cycle: 97d | Lead Source: Outbound,Escalate to senior rep + schedule executive sponsor call
D04590,2024-01-15,2024-02-14,rep_12,FinTech,APAC,Core,Referral,Closed,60153,30,Won,1,2024,1,2024Q1,2024Q1,2024Q1,Enterprise (60K+),Normal (20-45d),0.48333333333333334,Q1 (Top),0.563192812038314,56.3,Critical Risk,"Large deal: $60,153 | Lead Source: Referral",Escalate to senior rep + schedule executive sponsor call
D00124,2024-02-02,2024-03-24,rep_9,HealthTech,Europe,Enterprise,Outbound,Demo,7287,51,Won,1,2024,2,2024Q1,2024Q1,2024Q1,Small (<10K),Slow (45-80d),0.44623655913978494,Q3,0.5630098878347584,56.3,Critical Risk,Lead Source: Outbound,Escalate to senior rep + schedule executive sponsor call
D02589,2024-01-24,2024-04-09,rep_13,Ecommerce,North America,Enterprise,Partner,Negotiation,3761,76,Lost,0,2024,1,2024Q1,2024Q2,2024Q1,Small (<10K),Slow (45-80d),0.441025641025641,Q4 (Bottom),0.5631231850606941,56.3,Critical Risk,Long cycle: 76d | Lead Source: Partner,Escalate to senior rep + schedule executive sponsor call
D04438,2024-03-09,2024-05-08,rep_9,FinTech,APAC,Enterprise,Partner,Proposal,48643,60,Won,1,2024,3,2024Q1,2024Q2,2024Q1,Large (30-60K),Slow (45-80d),0.44623655913978494,Q3,0.5633085395379553,56.3,Critical Risk,Lead Source: Partner,Escalate to senior rep + schedule executive sponsor call
D02229,2024-01-21,2024-02-16,rep_18,Ecommerce,North America,Pro,Referral,Negotiation,7309,26,Lost,0,2024,1,2024Q1,2024Q1,2024Q1,Small (<10K),Normal (20-45d),0.40860215053763443,Q4 (Bottom),0.5634499234842272,56.3,Critical Risk,Lead Source: Referral,Escalate to senior rep + schedule executive sponsor call
D04310,2024-01-04,2024-03-25,rep_14,Ecommerce,APAC,Enterprise,Outbound,Qualified,19083,81,Lost,0,2024,1,2024Q1,2024Q1,2024Q1,Mid (10-30K),Stalled (80d+),0.4396135265700483,Q4 (Bottom),0.5621554136875316,56.2,Critical Risk,Long cycle: 81d | Lead Source: Outbound,Escalate to senior rep + schedule executive sponsor call
D02891,2024-03-22,2024-07-18,rep_7,SaaS,North America,Pro,Outbound,Qualified,3540,118,Won,1,2024,3,2024Q1,2024Q3,2024Q1,Small (<10K),Stalled (80d+),0.4166666666666667,Q4 (Bottom),0.5619406436026669,56.2,Critical Risk,Long cycle: 118d | Lead Source: Outbound,Escalate to senior rep + schedule executive sponsor call
D00922,2024-01-21,2024-03-06,rep_23,HealthTech,India,Pro,Referral,Closed,14866,45,Won,1,2024,1,2024Q1,2024Q1,2024Q1,Mid (10-30K),Normal (20-45d),0.44565217391304346,Q3,0.5617664015112269,56.2,Critical Risk,Lead Source: Referral,Escalate to senior rep + schedule executive sponsor call
D03766,2024-01-30,2024-04-11,rep_8,EdTech,North America,Pro,Outbound,Demo,25030,72,Lost,0,2024,1,2024Q1,2024Q2,2024Q1,Mid (10-30K),Slow (45-80d),0.48128342245989303,Q1 (Top),0.562383161334737,56.2,Critical Risk,Lead Source: Outbound,Escalate to senior rep + schedule executive sponsor call
D02532,2024-02-08,2024-03-18,rep_14,SaaS,India,Pro,Inbound,Negotiation,11932,39,Lost,0,2024,2,2024Q1,2024Q1,2024Q1,Mid (10-30K),Normal (20-45d),0.4396135265700483,Q4 (Bottom),0.5605020965622783,56.1,Critical Risk,Lead Source: Inbound,Escalate to senior rep + schedule executive sponsor call
D02609,2024-03-03,2024-06-17,rep_10,Ecommerce,APAC,Enterprise,Inbound,Closed,83698,106,Lost,0,2024,3,2024Q1,2024Q2,2024Q1,Enterprise (60K+),Stalled (80d+),0.42408376963350786,Q4 (Bottom),0.5610386677730265,56.1,Critical Risk,"Long cycle: 106d | Large deal: $83,698 | Lead Source: Inbound",Escalate to senior rep + schedule executive sponsor call
D04901,2024-03-26,2024-06-30,rep_2,FinTech,APAC,Pro,Outbound,Proposal,9897,96,Lost,0,2024,3,2024Q1,2024Q2,2024Q1,Small (<10K),Stalled (80d+),0.46153846153846156,Q2,0.5609979358659178,56.1,Critical Risk,Long cycle: 96d | Lead Source: Outbound,Escalate to senior rep + schedule executive sponsor call
D01308,2024-03-01,2024-06-08,rep_13,HealthTech,APAC,Enterprise,Inbound,Proposal,76919,99,Won,1,2024,3,2024Q1,2024Q2,2024Q1,Enterprise (60K+),Stalled (80d+),0.441025641025641,Q4 (Bottom),0.5613721470039464,56.1,Critical Risk,"Long cycle: 99d | Large deal: $76,919 | Lead Source: Inbound",Escalate to senior rep + schedule executive sponsor call
D01285,2024-01-10,2024-04-12,rep_3,HealthTech,Europe,Pro,Outbound,Qualified,44238,93,Lost,0,2024,1,2024Q1,2024Q2,2024Q1,Large (30-60K),Stalled (80d+),0.4722222222222222,Q1 (Top),0.5609368205752842,56.1,Critical Risk,Long cycle: 93d | Lead Source: Outbound,Escalate to senior rep + schedule executive sponsor call
D02101,2024-01-04,2024-03-27,rep_13,HealthTech,North America,Enterprise,Inbound,Negotiation,9805,83,Lost,0,2024,1,2024Q1,2024Q1,2024Q1,Small (<10K),Stalled (80d+),0.441025641025641,Q4 (Bottom),0.5606655659893723,56.1,Critical Risk,Long cycle: 83d | Lead Source: Inbound,Escalate to senior rep + schedule executive sponsor call
D02077,2024-03-07,2024-06-05,rep_5,Ecommerce,Europe,Pro,Inbound,Negotiation,14809,90,Lost,0,2024,3,2024Q1,2024Q2,2024Q1,Mid (10-30K),Stalled (80d+),0.4577114427860697,Q2,0.5609716808482584,56.1,Critical Risk,Long cycle: 90d | Lead Source: Inbound,Escalate to senior rep + schedule executive sponsor call
D04671,2024-02-22,2024-03-12,rep_20,EdTech,APAC,Enterprise,Partner,Negotiation,6439,19,Won,1,2024,2,2024Q1,2024Q1,2024Q1,Small (<10K),Fast (<20d),0.46956521739130436,Q2,0.5611615117125094,56.1,Critical Risk,Lead Source: Partner,Escalate to senior rep + schedule executive sponsor call
D02423,2024-01-06,2024-01-21,rep_12,SaaS,Europe,Enterprise,Partner,Negotiation,91954,15,Won,1,2024,1,2024Q1,2024Q1,2024Q1,Enterprise (60K+),Fast (<20d),0.48333333333333334,Q1 (Top),0.5596326305572722,56.0,Critical Risk,"Large deal: $91,954 | Lead Source: Partner",Escalate to senior rep + schedule executive sponsor call
D02216,2024-02-19,2024-04-25,rep_14,Ecommerce,APAC,Pro,Outbound,Negotiation,6758,66,Lost,0,2024,2,2024Q1,2024Q2,2024Q1,Small (<10K),Slow (45-80d),0.4396135265700483,Q4 (Bottom),0.560408988442798,56.0,Critical Risk,Lead Source: Outbound,Escalate to senior rep + schedule executive sponsor call
D02657,2024-01-24,2024-02-26,rep_17,EdTech,India,Core,Referral,Negotiation,53793,33,Lost,0,2024,1,2024Q1,2024Q1,2024Q1,Large (30-60K),Normal (20-45d),0.44571428571428573,Q3,0.5597865721208483,56.0,Critical Risk,Lead Source: Referral,Escalate to senior rep + schedule executive sponsor call
D02029,2024-01-23,2024-03-11,rep_23,SaaS,Europe,Enterprise,Outbound,Qualified,13731,48,Won,1,2024,1,2024Q1,2024Q1,2024Q1,Mid (10-30K),Slow (45-80d),0.44565217391304346,Q3,0.5602944154751234,56.0,Critical Risk,Lead Source: Outbound,Escalate to senior rep + schedule executive sponsor call
D04462,2024-02-16,2024-03-29,rep_23,Ecommerce,India,Enterprise,Inbound,Proposal,7040,42,Won,1,2024,2,2024Q1,2024Q1,2024Q1,Small (<10K),Normal (20-45d),0.44565217391304346,Q3,0.5597630785713243,56.0,Critical Risk,Lead Source: Inbound,Escalate to senior rep + schedule executive sponsor call
D04918,2024-03-08,2024-06-21,rep_4,EdTech,APAC,Pro,Outbound,Closed,8785,105,Won,1,2024,3,2024Q1,2024Q2,2024Q1,Small (<10K),Stalled (80d+),0.458128078817734,Q2,0.559920669947703,56.0,Critical Risk,Long cycle: 105d | Lead Source: Outbound,Escalate to senior rep + schedule executive sponsor call
D02517,2024-01-08,2024-02-25,rep_14,FinTech,North America,Pro,Referral,Closed,91148,48,Won,1,2024,1,2024Q1,2024Q1,2024Q1,Enterprise (60K+),Slow (45-80d),0.4396135265700483,Q4 (Bottom),0.5591536246105042,55.9,Critical Risk,"Large deal: $91,148 | Lead Source: Referral",Escalate to senior rep + schedule executive sponsor call
D02576,2024-01-03,2024-03-22,rep_19,FinTech,APAC,Core,Partner,Negotiation,17652,79,Won,1,2024,1,2024Q1,2024Q1,2024Q1,Mid (10-30K),Slow (45-80d),0.47959183673469385,Q1 (Top),0.5593061155984195,55.9,Critical Risk,Long cycle: 79d | Lead Source: Partner,Escalate to senior rep + schedule executive sponsor call
D04368,2024-03-18,2024-05-22,rep_5,FinTech,APAC,Pro,Outbound,Closed,7949,65,Won,1,2024,3,2024Q1,2024Q2,2024Q1,Small (<10K),Slow (45-80d),0.4577114427860697,Q2,0.5589384875540103,55.9,Critical Risk,Lead Source: Outbound,Escalate to senior rep + schedule executive sponsor call
D04428,2024-01-17,2024-04-18,rep_5,HealthTech,India,Enterprise,Referral,Demo,19755,92,Lost,0,2024,1,2024Q1,2024Q2,2024Q1,Mid (10-30K),Stalled (80d+),0.4577114427860697,Q2,0.5578212549149411,55.8,Critical Risk,Long cycle: 92d | Lead Source: Referral,Escalate to senior rep + schedule executive sponsor call
D03273,2024-01-28,2024-04-13,rep_2,EdTech,APAC,Pro,Outbound,Demo,71288,76,Lost,0,2024,1,2024Q1,2024Q2,2024Q1,Enterprise (60K+),Slow (45-80d),0.46153846153846156,Q2,0.5582404880904941,55.8,Critical Risk,"Long cycle: 76d | Large deal: $71,288 | Lead Source: Outbound",Escalate to senior rep + schedule executive sponsor call
D00683,2024-03-22,2024-06-23,rep_1,HealthTech,India,Pro,Referral,Qualified,8293,93,Won,1,2024,3,2024Q1,2024Q2,2024Q1,Small (<10K),Stalled (80d+),0.4549763033175355,Q2,0.5578776274144893,55.8,Critical Risk,Long cycle: 93d | Lead Source: Referral,Escalate to senior rep + schedule executive sponsor call
D00815,2024-03-20,2024-06-02,rep_22,Ecommerce,India,Enterprise,Outbound,Closed,12072,74,Won,1,2024,3,2024Q1,2024Q2,2024Q1,Mid (10-30K),Slow (45-80d),0.4009433962264151,Q4 (Bottom),0.5578745874004903,55.8,Critical Risk,Lead Source: Outbound,Escalate to senior rep + schedule executive sponsor call
D02226,2024-01-28,2024-02-25,rep_11,FinTech,APAC,Pro,Inbound,Proposal,11572,28,Lost,0,2024,1,2024Q1,2024Q1,2024Q1,Mid (10-30K),Normal (20-45d),0.465,Q2,0.5570024027333971,55.7,Critical Risk,Lead Source: Inbound,Escalate to senior rep + schedule executive sponsor call
D01039,2024-02-12,2024-03-26,rep_5,SaaS,India,Enterprise,Outbound,Closed,9335,43,Won,1,2024,2,2024Q1,2024Q1,2024Q1,Small (<10K),Normal (20-45d),0.4577114427860697,Q2,0.5568074889454708,55.7,Critical Risk,Lead Source: Outbound,Escalate to senior rep + schedule executive sponsor call
D03751,2024-01-15,2024-04-20,rep_20,Ecommerce,India,Core,Inbound,Negotiation,4860,96,Lost,0,2024,1,2024Q1,2024Q2,2024Q1,Small (<10K),Stalled (80d+),0.46956521739130436,Q2,0.5567679095859759,55.7,Critical Risk,Long cycle: 96d | Lead Source: Inbound,Escalate to senior rep + schedule executive sponsor call
D00357,2024-02-27,2024-03-16,rep_7,Ecommerce,APAC,Pro,Inbound,Closed,59924,18,Lost,0,2024,2,2024Q1,2024Q1,2024Q1,Large (30-60K),Fast (<20d),0.4166666666666667,Q4 (Bottom),0.5567036474829989,55.7,Critical Risk,Lead Source: Inbound,Escalate to senior rep + schedule executive sponsor call
D01414,2024-01-03,2024-03-11,rep_10,HealthTech,India,Enterprise,Inbound,Closed,92367,68,Won,1,2024,1,2024Q1,2024Q1,2024Q1,Enterprise (60K+),Slow (45-80d),0.42408376963350786,Q4 (Bottom),0.5570961953283874,55.7,Critical Risk,"Large deal: $92,367 | Lead Source: Inbound",Escalate to senior rep + schedule executive sponsor call
D01831,2024-02-18,2024-05-30,rep_10,FinTech,Europe,Enterprise,Outbound,Negotiation,7485,102,Lost,0,2024,2,2024Q1,2024Q2,2024Q1,Small (<10K),Stalled (80d+),0.42408376963350786,Q4 (Bottom),0.5557677679268778,55.6,Critical Risk,Long cycle: 102d | Lead Source: Outbound,Escalate to senior rep + schedule executive sponsor call
D04138,2024-02-15,2024-05-06,rep_2,Ecommerce,APAC,Pro,Partner,Demo,7414,81,Won,1,2024,2,2024Q1,2024Q2,2024Q1,Small (<10K),Stalled (80d+),0.46153846153846156,Q2,0.5562767676094477,55.6,Critical Risk,Long cycle: 81d | Lead Source: Partner,Escalate to senior rep + schedule executive sponsor call
D04367,2024-01-17,2024-05-02,rep_20,SaaS,India,Enterprise,Referral,Proposal,17628,106,Won,1,2024,1,2024Q1,2024Q2,2024Q1,Mid (10-30K),Stalled (80d+),0.46956521739130436,Q2,0.5545820154958145,55.5,Critical Risk,Long cycle: 106d | Lead Source: Referral,Escalate to senior rep + schedule executive sponsor call
D03818,2024-02-14,2024-04-16,rep_5,HealthTech,India,Pro,Inbound,Qualified,3491,62,Won,1,2024,2,2024Q1,2024Q2,2024Q1,Small (<10K),Slow (45-80d),0.4577114427860697,Q2,0.5551590174226232,55.5,Critical Risk,Lead Source: Inbound,Escalate to senior rep + schedule executive sponsor call
D01263,2024-01-11,2024-03-15,rep_22,Ecommerce,Europe,Enterprise,Outbound,Proposal,15594,64,Won,1,2024,1,2024Q1,2024Q1,2024Q1,Mid (10-30K),Slow (45-80d),0.4009433962264151,Q4 (Bottom),0.5554247115932154,55.5,Critical Risk,Lead Source: Outbound,Escalate to senior rep + schedule executive sponsor call
D00005,2024-02-29,2024-05-26,rep_2,HealthTech,APAC,Core,Outbound,Qualified,45203,87,Lost,0,2024,2,2024Q1,2024Q2,2024Q1,Large (30-60K),Stalled (80d+),0.46153846153846156,Q2,0.5544261043881032,55.4,Critical Risk,Long cycle: 87d | Lead Source: Outbound,Escalate to senior rep + schedule executive sponsor call
D02438,2024-01-27,2024-03-27,rep_7,HealthTech,India,Pro,Referral,Negotiation,16909,60,Won,1,2024,1,2024Q1,2024Q1,2024Q1,Mid (10-30K),Slow (45-80d),0.4166666666666667,Q4 (Bottom),0.5542782933612203,55.4,Critical Risk,Lead Source: Referral,Escalate to senior rep + schedule executive sponsor call
D01537,2024-01-12,2024-05-04,rep_25,Ecommerce,Europe,Enterprise,Outbound,Demo,19252,113,Lost,0,2024,1,2024Q1,2024Q2,2024Q1,Mid (10-30K),Stalled (80d+),0.45365853658536587,Q3,0.5539236989743521,55.4,Critical Risk,Long cycle: 113d | Lead Source: Outbound,Escalate to senior rep + schedule executive sponsor call
D01566,2024-02-08,2024-05-16,rep_20,FinTech,North America,Enterprise,Referral,Proposal,4359,98,Lost,0,2024,2,2024Q1,2024Q2,2024Q1,Small (<10K),Stalled (80d+),0.46956521739130436,Q2,0.5540641197381523,55.4,Critical Risk,Long cycle: 98d | Lead Source: Referral,Escalate to senior rep + schedule executive sponsor call
D01168,2024-01-06,2024-03-14,rep_23,Ecommerce,Europe,Pro,Referral,Negotiation,26029,68,Lost,0,2024,1,2024Q1,2024Q1,2024Q1,Mid (10-30K),Slow (45-80d),0.44565217391304346,Q3,0.5543276602937688,55.4,Critical Risk,Lead Source: Referral,Escalate to senior rep + schedule executive sponsor call
D02354,2024-03-15,2024-04-05,rep_14,Ecommerce,Europe,Enterprise,Outbound,Negotiation,7506,21,Won,1,2024,3,2024Q1,2024Q2,2024Q1,Small (<10K),Normal (20-45d),0.4396135265700483,Q4 (Bottom),0.5543394513760909,55.4,Critical Risk,Lead Source: Outbound,Escalate to senior rep + schedule executive sponsor call
D02536,2024-01-05,2024-02-14,rep_11,HealthTech,Europe,Enterprise,Outbound,Demo,13464,40,Won,1,2024,1,2024Q1,2024Q1,2024Q1,Mid (10-30K),Normal (20-45d),0.465,Q2,0.5534623148863,55.3,Critical Risk,Lead Source: Outbound,Escalate to senior rep + schedule executive sponsor call
D03066,2024-02-21,2024-05-08,rep_3,Ecommerce,India,Core,Outbound,Closed,89557,77,Lost,0,2024,2,2024Q1,2024Q2,2024Q1,Enterprise (60K+),Slow (45-80d),0.4722222222222222,Q1 (Top),0.5532649250235202,55.3,Critical Risk,"Long cycle: 77d | Large deal: $89,557 | Lead Source: Outbound",Escalate to senior rep + schedule executive sponsor call
D01402,2024-02-26,2024-03-22,rep_23,SaaS,APAC,Pro,Referral,Qualified,3793,25,Lost,0,2024,2,2024Q1,2024Q1,2024Q1,Small (<10K),Normal (20-45d),0.44565217391304346,Q3,0.5530810641039882,55.3,Critical Risk,Lead Source: Referral,Escalate to senior rep + schedule executive sponsor call
D03904,2024-01-11,2024-03-18,rep_19,EdTech,India,Core,Partner,Negotiation,19579,67,Won,1,2024,1,2024Q1,2024Q1,2024Q1,Mid (10-30K),Slow (45-80d),0.47959183673469385,Q1 (Top),0.5518758502357413,55.2,Critical Risk,Lead Source: Partner,Escalate to senior rep + schedule executive sponsor call
D01236,2024-02-14,2024-05-03,rep_16,HealthTech,Europe,Pro,Inbound,Closed,44704,79,Lost,0,2024,2,2024Q1,2024Q2,2024Q1,Large (30-60K),Slow (45-80d),0.47085201793721976,Q1 (Top),0.551551599325983,55.2,Critical Risk,Long cycle: 79d | Lead Source: Inbound,Escalate to senior rep + schedule executive sponsor call
D01353,2024-03-16,2024-05-23,rep_7,FinTech,Europe,Pro,Inbound,Negotiation,18879,68,Lost,0,2024,3,2024Q1,2024Q2,2024Q1,Mid (10-30K),Slow (45-80d),0.4166666666666667,Q4 (Bottom),0.5515293974612056,55.2,Critical Risk,Lead Source: Inbound,Escalate to senior rep + schedule executive sponsor call
D03044,2024-03-24,2024-06-09,rep_4,Ecommerce,APAC,Pro,Outbound,Qualified,19061,77,Lost,0,2024,3,2024Q1,2024Q2,2024Q1,Mid (10-30K),Slow (45-80d),0.458128078817734,Q2,0.5522813259718243,55.2,Critical Risk,Long cycle: 77d | Lead Source: Outbound,Escalate to senior rep + schedule executive sponsor call
D00807,2024-01-11,2024-03-10,rep_25,EdTech,Europe,Pro,Outbound,Closed,34322,59,Lost,0,2024,1,2024Q1,2024Q1,2024Q1,Large (30-60K),Slow (45-80d),0.45365853658536587,Q3,0.5516879443189829,55.2,Critical Risk,Lead Source: Outbound,Escalate to senior rep + schedule executive sponsor call
D00143,2024-01-03,2024-01-28,rep_14,HealthTech,North America,Enterprise,Partner,Closed,2012,25,Won,1,2024,1,2024Q1,2024Q1,2024Q1,Small (<10K),Normal (20-45d),0.4396135265700483,Q4 (Bottom),0.551949023424989,55.2,Critical Risk,Lead Source: Partner,Escalate to senior rep + schedule executive sponsor call
D03344,2024-03-01,2024-04-12,rep_24,SaaS,North America,Enterprise,Referral,Proposal,4027,42,Lost,0,2024,3,2024Q1,2024Q2,2024Q1,Small (<10K),Normal (20-45d),0.4482758620689655,Q3,0.551946284961746,55.2,Critical Risk,Lead Source: Referral,Escalate to senior rep + schedule executive sponsor call
D04944,2024-01-22,2024-03-12,rep_22,EdTech,India,Pro,Inbound,Demo,13766,50,Won,1,2024,1,2024Q1,2024Q1,2024Q1,Mid (10-30K),Slow (45-80d),0.4009433962264151,Q4 (Bottom),0.551882335486343,55.2,Critical Risk,Lead Source: Inbound,Escalate to senior rep + schedule executive sponsor call
D02433,2024-01-31,2024-05-04,rep_25,EdTech,Europe,Core,Inbound,Closed,11809,94,Lost,0,2024,1,2024Q1,2024Q2,2024Q1,Mid (10-30K),Stalled (80d+),0.45365853658536587,Q3,0.5511314212144421,55.1,Critical Risk,Long cycle: 94d | Lead Source: Inbound,Escalate to senior rep + schedule executive sponsor call
D04929,2024-02-18,2024-04-23,rep_11,FinTech,APAC,Core,Outbound,Closed,16130,65,Won,1,2024,2,2024Q1,2024Q2,2024Q1,Mid (10-30K),Slow (45-80d),0.465,Q2,0.5507305499172298,55.1,Critical Risk,Lead Source: Outbound,Escalate to senior rep + schedule executive sponsor call
D00988,2024-02-25,2024-04-09,rep_22,SaaS,North America,Enterprise,Outbound,Closed,7657,44,Lost,0,2024,2,2024Q1,2024Q2,2024Q1,Small (<10K),Normal (20-45d),0.4009433962264151,Q4 (Bottom),0.5505980327485052,55.1,Critical Risk,Lead Source: Outbound,Escalate to senior rep + schedule executive sponsor call
D02378,2024-01-22,2024-03-18,rep_3,EdTech,North America,Core,Partner,Proposal,18606,56,Won,1,2024,1,2024Q1,2024Q1,2024Q1,Mid (10-30K),Slow (45-80d),0.4722222222222222,Q1 (Top),0.5507386059758005,55.1,Critical Risk,Lead Source: Partner,Escalate to senior rep + schedule executive sponsor call
D03781,2024-03-08,2024-06-20,rep_7,EdTech,Europe,Pro,Outbound,Qualified,77059,104,Lost,0,2024,3,2024Q1,2024Q2,2024Q1,Enterprise (60K+),Stalled (80d+),0.4166666666666667,Q4 (Bottom),0.5510943640864133,55.1,Critical Risk,"Long cycle: 104d | Large deal: $77,059 | Lead Source: Outbound",Escalate to senior rep + schedule executive sponsor call
D03680,2024-02-07,2024-05-03,rep_5,HealthTech,APAC,Core,Outbound,Proposal,44692,86,Lost,0,2024,2,2024Q1,2024Q2,2024Q1,Large (30-60K),Stalled (80d+),0.4577114427860697,Q2,0.5509208263986676,55.1,Critical Risk,Long cycle: 86d | Lead Source: Outbound,Escalate to senior rep + schedule executive sponsor call
D03211,2024-01-07,2024-03-15,rep_3,HealthTech,APAC,Core,Partner,Demo,9292,68,Lost,0,2024,1,2024Q1,2024Q1,2024Q1,Small (<10K),Slow (45-80d),0.4722222222222222,Q1 (Top),0.5506409333458919,55.1,Critical Risk,Lead Source: Partner,Escalate to senior rep + schedule executive sponsor call
D00064,2024-01-14,2024-03-22,rep_7,EdTech,Europe,Pro,Outbound,Qualified,16595,68,Won,1,2024,1,2024Q1,2024Q1,2024Q1,Mid (10-30K),Slow (45-80d),0.4166666666666667,Q4 (Bottom),0.5506214857913999,55.1,Critical Risk,Lead Source: Outbound,Escalate to senior rep + schedule executive sponsor call
D00430,2024-02-16,2024-03-24,rep_16,FinTech,Europe,Pro,Referral,Demo,39116,37,Lost,0,2024,2,2024Q1,2024Q1,2024Q1,Large (30-60K),Normal (20-45d),0.47085201793721976,Q1 (Top),0.5508518985802205,55.1,Critical Risk,Lead Source: Referral,Escalate to senior rep + schedule executive sponsor call
D03976,2024-01-14,2024-03-01,rep_25,FinTech,APAC,Core,Partner,Closed,12586,47,Lost,0,2024,1,2024Q1,2024Q1,2024Q1,Mid (10-30K),Slow (45-80d),0.45365853658536587,Q3,0.5505399793272416,55.1,Critical Risk,Lead Source: Partner,Escalate to senior rep + schedule executive sponsor call
D00266,2024-01-18,2024-03-15,rep_8,Ecommerce,North America,Enterprise,Inbound,Qualified,11921,57,Won,1,2024,1,2024Q1,2024Q1,2024Q1,Mid (10-30K),Slow (45-80d),0.48128342245989303,Q1 (Top),0.5504634162469704,55.0,Critical Risk,Lead Source: Inbound,Escalate to senior rep + schedule executive sponsor call
D02251,2024-01-16,2024-05-04,rep_22,EdTech,India,Pro,Outbound,Proposal,19937,109,Won,1,2024,1,2024Q1,2024Q2,2024Q1,Mid (10-30K),Stalled (80d+),0.4009433962264151,Q4 (Bottom),0.5501555622414956,55.0,Critical Risk,Long cycle: 109d | Lead Source: Outbound,Escalate to senior rep + schedule executive sponsor call
D01962,2024-01-24,2024-04-13,rep_22,FinTech,North America,Pro,Outbound,Proposal,4531,80,Lost,0,2024,1,2024Q1,2024Q2,2024Q1,Small (<10K),Slow (45-80d),0.4009433962264151,Q4 (Bottom),0.5504752564832605,55.0,Critical Risk,Long cycle: 80d | Lead Source: Outbound,Escalate to senior rep + schedule executive sponsor call
D01088,2024-01-08,2024-03-09,rep_24,FinTech,Europe,Pro,Partner,Demo,11129,61,Won,1,2024,1,2024Q1,2024Q1,2024Q1,Mid (10-30K),Slow (45-80d),0.4482758620689655,Q3,0.5500225293671386,55.0,Critical Risk,Lead Source: Partner,Escalate to senior rep + schedule executive sponsor call
D03407,2024-01-08,2024-04-11,rep_14,Ecommerce,India,Core,Inbound,Proposal,11152,94,Won,1,2024,1,2024Q1,2024Q2,2024Q1,Mid (10-30K),Stalled (80d+),0.4396135265700483,Q4 (Bottom),0.5492884116515735,54.9,High Risk,Long cycle: 94d | Lead Source: Inbound,Review deal with manager + offer POC or discount
D04529,2024-02-18,2024-04-03,rep_24,SaaS,India,Pro,Partner,Negotiation,14656,45,Won,1,2024,2,2024Q1,2024Q2,2024Q1,Mid (10-30K),Normal (20-45d),0.4482758620689655,Q3,0.5486424333093465,54.9,High Risk,Lead Source: Partner,Review deal with manager + offer POC or discount
D04841,2024-01-08,2024-02-02,rep_4,Ecommerce,Europe,Pro,Partner,Qualified,7257,25,Lost,0,2024,1,2024Q1,2024Q1,2024Q1,Small (<10K),Normal (20-45d),0.458128078817734,Q2,0.5483300234973062,54.8,High Risk,Lead Source: Partner,Review deal with manager + offer POC or discount
D00349,2024-03-25,2024-07-03,rep_15,EdTech,India,Enterprise,Referral,Negotiation,10996,100,Won,1,2024,3,2024Q1,2024Q3,2024Q1,Mid (10-30K),Stalled (80d+),0.44571428571428573,Q3,0.5478460630730533,54.8,High Risk,Long cycle: 100d | Lead Source: Referral,Review deal with manager + offer POC or discount
D01665,2024-02-01,2024-03-29,rep_16,HealthTech,North America,Core,Referral,Demo,58465,57,Lost,0,2024,2,2024Q1,2024Q1,2024Q1,Large (30-60K),Slow (45-80d),0.47085201793721976,Q1 (Top),0.5482510963294505,54.8,High Risk,Lead Source: Referral,Review deal with manager + offer POC or discount
D00024,2024-03-11,2024-04-10,rep_19,HealthTech,North America,Enterprise,Inbound,Qualified,19062,30,Won,1,2024,3,2024Q1,2024Q2,2024Q1,Mid (10-30K),Normal (20-45d),0.47959183673469385,Q1 (Top),0.5475963371540196,54.8,High Risk,Lead Source: Inbound,Review deal with manager + offer POC or discount
D04506,2024-03-07,2024-04-29,rep_18,Ecommerce,North America,Core,Inbound,Closed,4224,53,Won,1,2024,3,2024Q1,2024Q2,2024Q1,Small (<10K),Slow (45-80d),0.40860215053763443,Q4 (Bottom),0.547045311976854,54.7,High Risk,Lead Source: Inbound,Review deal with manager + offer POC or discount
D02212,2024-03-07,2024-05-28,rep_17,FinTech,India,Enterprise,Outbound,Qualified,19163,82,Won,1,2024,3,2024Q1,2024Q2,2024Q1,Mid (10-30K),Stalled (80d+),0.44571428571428573,Q3,0.5471908821799482,54.7,High Risk,Long cycle: 82d | Lead Source: Outbound,Review deal with manager + offer POC or discount
D04832,2024-01-22,2024-02-19,rep_7,EdTech,Europe,Enterprise,Partner,Demo,5628,28,Won,1,2024,1,2024Q1,2024Q1,2024Q1,Small (<10K),Normal (20-45d),0.4166666666666667,Q4 (Bottom),0.5472941802032731,54.7,High Risk,Lead Source: Partner,Review deal with manager + offer POC or discount
D04054,2024-03-04,2024-04-28,rep_11,HealthTech,APAC,Core,Inbound,Qualified,4739,55,Lost,0,2024,3,2024Q1,2024Q2,2024Q1,Small (<10K),Slow (45-80d),0.465,Q2,0.5474627794332677,54.7,High Risk,Lead Source: Inbound,Review deal with manager + offer POC or discount
D01874,2024-03-23,2024-06-23,rep_18,HealthTech,India,Pro,Inbound,Closed,59992,92,Lost,0,2024,3,2024Q1,2024Q2,2024Q1,Large (30-60K),Stalled (80d+),0.40860215053763443,Q4 (Bottom),0.5468216801925321,54.7,High Risk,Long cycle: 92d | Lead Source: Inbound,Review deal with manager + offer POC or discount
D03074,2024-01-05,2024-04-20,rep_13,Ecommerce,India,Core,Partner,Qualified,6802,106,Won,1,2024,1,2024Q1,2024Q2,2024Q1,Small (<10K),Stalled (80d+),0.441025641025641,Q4 (Bottom),0.5469340088154575,54.7,High Risk,Long cycle: 106d | Lead Source: Partner,Review deal with manager + offer POC or discount
D02924,2024-02-14,2024-03-30,rep_16,FinTech,Europe,Core,Referral,Proposal,54339,45,Lost,0,2024,2,2024Q1,2024Q1,2024Q1,Large (30-60K),Normal (20-45d),0.47085201793721976,Q1 (Top),0.5469964870971693,54.7,High Risk,Lead Source: Referral,Review deal with manager + offer POC or discount
D02782,2024-02-08,2024-04-23,rep_13,SaaS,Europe,Pro,Partner,Demo,7202,75,Won,1,2024,2,2024Q1,2024Q2,2024Q1,Small (<10K),Slow (45-80d),0.441025641025641,Q4 (Bottom),0.5465838052748245,54.7,High Risk,Lead Source: Partner,Review deal with manager + offer POC or discount
D04177,2024-02-22,2024-04-26,rep_5,Ecommerce,India,Pro,Inbound,Demo,14975,64,Lost,0,2024,2,2024Q1,2024Q2,2024Q1,Mid (10-30K),Slow (45-80d),0.4577114427860697,Q2,0.5464155659231416,54.6,High Risk,Lead Source: Inbound,Review deal with manager + offer POC or discount
D02751,2024-01-07,2024-02-17,rep_21,SaaS,India,Core,Outbound,Closed,15368,41,Won,1,2024,1,2024Q1,2024Q1,2024Q1,Mid (10-30K),Normal (20-45d),0.5096153846153846,Q1 (Top),0.5455633269183755,54.6,High Risk,Lead Source: Outbound,Review deal with manager + offer POC or discount
D01759,2024-03-14,2024-04-24,rep_14,HealthTech,APAC,Core,Inbound,Qualified,17742,41,Won,1,2024,3,2024Q1,2024Q2,2024Q1,Mid (10-30K),Normal (20-45d),0.4396135265700483,Q4 (Bottom),0.5464839128461438,54.6,High Risk,Lead Source: Inbound,Review deal with manager + offer POC or discount
D01964,2024-03-17,2024-05-14,rep_18,HealthTech,APAC,Enterprise,Inbound,Qualified,3214,58,Won,1,2024,3,2024Q1,2024Q2,2024Q1,Small (<10K),Slow (45-80d),0.40860215053763443,Q4 (Bottom),0.5456363195906655,54.6,High Risk,Lead Source: Inbound,Review deal with manager + offer POC or discount
D02279,2024-02-05,2024-04-17,rep_1,Ecommerce,Europe,Pro,Outbound,Demo,7690,72,Lost,0,2024,2,2024Q1,2024Q2,2024Q1,Small (<10K),Slow (45-80d),0.4549763033175355,Q2,0.5455885502178359,54.6,High Risk,Lead Source: Outbound,Review deal with manager + offer POC or discount
D03343,2024-03-19,2024-06-26,rep_1,Ecommerce,APAC,Pro,Inbound,Qualified,16164,99,Lost,0,2024,3,2024Q1,2024Q2,2024Q1,Mid (10-30K),Stalled (80d+),0.4549763033175355,Q2,0.5462930019488519,54.6,High Risk,Long cycle: 99d | Lead Source: Inbound,Review deal with manager + offer POC or discount
D03723,2024-02-24,2024-04-15,rep_11,SaaS,North America,Core,Inbound,Qualified,7551,51,Lost,0,2024,2,2024Q1,2024Q2,2024Q1,Small (<10K),Slow (45-80d),0.465,Q2,0.5452562799593952,54.5,High Risk,Lead Source: Inbound,Review deal with manager + offer POC or discount
D02355,2024-01-14,2024-03-01,rep_22,EdTech,Europe,Core,Outbound,Proposal,7028,47,Lost,0,2024,1,2024Q1,2024Q1,2024Q1,Small (<10K),Slow (45-80d),0.4009433962264151,Q4 (Bottom),0.5450993503125846,54.5,High Risk,Lead Source: Outbound,Review deal with manager + offer POC or discount
D03102,2024-03-21,2024-06-04,rep_13,Ecommerce,APAC,Enterprise,Referral,Proposal,6763,75,Lost,0,2024,3,2024Q1,2024Q2,2024Q1,Small (<10K),Slow (45-80d),0.441025641025641,Q4 (Bottom),0.5451326349011231,54.5,High Risk,Lead Source: Referral,Review deal with manager + offer POC or discount
D00629,2024-03-01,2024-03-16,rep_5,EdTech,North America,Core,Referral,Proposal,70152,15,Lost,0,2024,3,2024Q1,2024Q1,2024Q1,Enterprise (60K+),Fast (<20d),0.4577114427860697,Q2,0.5454273309434882,54.5,High Risk,"Large deal: $70,152 | Lead Source: Referral",Review deal with manager + offer POC or discount
D03830,2024-03-12,2024-04-25,rep_10,FinTech,North America,Pro,Referral,Demo,12590,44,Won,1,2024,3,2024Q1,2024Q2,2024Q1,Mid (10-30K),Normal (20-45d),0.42408376963350786,Q4 (Bottom),0.545261098828547,54.5,High Risk,Lead Source: Referral,Review deal with manager + offer POC or discount
D01912,2024-03-14,2024-05-24,rep_10,HealthTech,India,Core,Referral,Demo,2349,71,Lost,0,2024,3,2024Q1,2024Q2,2024Q1,Small (<10K),Slow (45-80d),0.42408376963350786,Q4 (Bottom),0.5446546089113204,54.5,High Risk,Lead Source: Referral,Review deal with manager + offer POC or discount
D03719,2024-02-13,2024-03-21,rep_16,FinTech,APAC,Enterprise,Outbound,Closed,77518,37,Won,1,2024,2,2024Q1,2024Q1,2024Q1,Enterprise (60K+),Normal (20-45d),0.47085201793721976,Q1 (Top),0.5447148877480892,54.5,High Risk,"Large deal: $77,518 | Lead Source: Outbound",Review deal with manager + offer POC or discount
D03906,2024-02-03,2024-04-09,rep_10,HealthTech,APAC,Core,Inbound,Closed,4508,66,Won,1,2024,2,2024Q1,2024Q2,2024Q1,Small (<10K),Slow (45-80d),0.42408376963350786,Q4 (Bottom),0.5452761839693252,54.5,High Risk,Lead Source: Inbound,Review deal with manager + offer POC or discount
D03244,2024-01-21,2024-04-29,rep_11,HealthTech,Europe,Enterprise,Inbound,Closed,50662,99,Lost,0,2024,1,2024Q1,2024Q2,2024Q1,Large (30-60K),Stalled (80d+),0.465,Q2,0.5449893700568683,54.5,High Risk,Long cycle: 99d | Lead Source: Inbound,Review deal with manager + offer POC or discount
D01534,2024-02-23,2024-03-13,rep_22,EdTech,North America,Pro,Referral,Demo,8866,19,Won,1,2024,2,2024Q1,2024Q1,2024Q1,Small (<10K),Fast (<20d),0.4009433962264151,Q4 (Bottom),0.5449745744951792,54.5,High Risk,Lead Source: Referral,Review deal with manager + offer POC or discount
D02444,2024-03-11,2024-03-29,rep_20,HealthTech,India,Pro,Partner,Proposal,7326,18,Lost,0,2024,3,2024Q1,2024Q1,2024Q1,Small (<10K),Fast (<20d),0.46956521739130436,Q2,0.5437862046671312,54.4,High Risk,Lead Source: Partner,Review deal with manager + offer POC or discount
D04086,2024-01-12,2024-03-03,rep_1,Ecommerce,Europe,Enterprise,Partner,Negotiation,44808,51,Lost,0,2024,1,2024Q1,2024Q1,2024Q1,Large (30-60K),Slow (45-80d),0.4549763033175355,Q2,0.5442037830949821,54.4,High Risk,Lead Source: Partner,Review deal with manager + offer POC or discount
D01259,2024-03-14,2024-04-18,rep_21,Ecommerce,India,Pro,Referral,Qualified,2288,35,Lost,0,2024,3,2024Q1,2024Q2,2024Q1,Small (<10K),Normal (20-45d),0.5096153846153846,Q1 (Top),0.544161178049859,54.4,High Risk,Lead Source: Referral,Review deal with manager + offer POC or discount
D03061,2024-02-02,2024-05-15,rep_16,EdTech,North America,Pro,Partner,Qualified,32488,103,Lost,0,2024,2,2024Q1,2024Q2,2024Q1,Large (30-60K),Stalled (80d+),0.47085201793721976,Q1 (Top),0.5439481072517481,54.4,High Risk,Long cycle: 103d | Lead Source: Partner,Review deal with manager + offer POC or discount
D01092,2024-03-21,2024-07-14,rep_11,FinTech,APAC,Core,Inbound,Qualified,9956,115,Won,1,2024,3,2024Q1,2024Q3,2024Q1,Small (<10K),Stalled (80d+),0.465,Q2,0.5436434038579394,54.4,High Risk,Long cycle: 115d | Lead Source: Inbound,Review deal with manager + offer POC or discount
D03814,2024-01-16,2024-02-27,rep_13,FinTech,APAC,Core,Outbound,Qualified,5164,42,Won,1,2024,1,2024Q1,2024Q1,2024Q1,Small (<10K),Normal (20-45d),0.441025641025641,Q4 (Bottom),0.5435528105775344,54.4,High Risk,Lead Source: Outbound,Review deal with manager + offer POC or discount
D02465,2024-02-13,2024-05-12,rep_5,SaaS,India,Pro,Partner,Negotiation,75091,89,Won,1,2024,2,2024Q1,2024Q2,2024Q1,Enterprise (60K+),Stalled (80d+),0.4577114427860697,Q2,0.5435003604592576,54.4,High Risk,"Long cycle: 89d | Large deal: $75,091 | Lead Source: Partner",Review deal with manager + offer POC or discount
D03318,2024-03-23,2024-06-01,rep_12,HealthTech,North America,Enterprise,Outbound,Qualified,4920,70,Won,1,2024,3,2024Q1,2024Q2,2024Q1,Small (<10K),Slow (45-80d),0.48333333333333334,Q1 (Top),0.5427499980271118,54.3,High Risk,Lead Source: Outbound,Review deal with manager + offer POC or discount
D04823,2024-03-09,2024-03-28,rep_16,FinTech,North America,Enterprise,Outbound,Closed,7600,19,Won,1,2024,3,2024Q1,2024Q1,2024Q1,Small (<10K),Fast (<20d),0.47085201793721976,Q1 (Top),0.5429010384541423,54.3,High Risk,Lead Source: Outbound,Review deal with manager + offer POC or discount
D00871,2024-01-16,2024-05-01,rep_7,SaaS,India,Core,Inbound,Proposal,51228,106,Lost,0,2024,1,2024Q1,2024Q2,2024Q1,Large (30-60K),Stalled (80d+),0.4166666666666667,Q4 (Bottom),0.54313187722267,54.3,High Risk,Long cycle: 106d | Lead Source: Inbound,Review deal with manager + offer POC or discount
D02582,2024-02-15,2024-05-02,rep_16,EdTech,Europe,Core,Outbound,Closed,12599,77,Won,1,2024,2,2024Q1,2024Q2,2024Q1,Mid (10-30K),Slow (45-80d),0.47085201793721976,Q1 (Top),0.5433379007526477,54.3,High Risk,Long cycle: 77d | Lead Source: Outbound,Review deal with manager + offer POC or discount
D01643,2024-01-18,2024-02-02,rep_19,SaaS,North America,Enterprise,Inbound,Closed,53907,15,Lost,0,2024,1,2024Q1,2024Q1,2024Q1,Large (30-60K),Fast (<20d),0.47959183673469385,Q1 (Top),0.5432189854693089,54.3,High Risk,Lead Source: Inbound,Review deal with manager + offer POC or discount
D04885,2024-03-02,2024-05-15,rep_17,SaaS,India,Core,Outbound,Negotiation,37345,74,Won,1,2024,3,2024Q1,2024Q2,2024Q1,Large (30-60K),Slow (45-80d),0.44571428571428573,Q3,0.5423475590116039,54.2,High Risk,Lead Source: Outbound,Review deal with manager + offer POC or discount
D00651,2024-03-06,2024-06-15,rep_13,EdTech,APAC,Enterprise,Inbound,Closed,19316,101,Lost,0,2024,3,2024Q1,2024Q2,2024Q1,Mid (10-30K),Stalled (80d+),0.441025641025641,Q4 (Bottom),0.5419209383654271,54.2,High Risk,Long cycle: 101d | Lead Source: Inbound,Review deal with manager + offer POC or discount
D00244,2024-03-08,2024-05-12,rep_3,HealthTech,APAC,Core,Outbound,Closed,58986,65,Lost,0,2024,3,2024Q1,2024Q2,2024Q1,Large (30-60K),Slow (45-80d),0.4722222222222222,Q1 (Top),0.5421132576771962,54.2,High Risk,Lead Source: Outbound,Review deal with manager + offer POC or discount
D02612,2024-02-18,2024-05-10,rep_22,SaaS,India,Enterprise,Outbound,Negotiation,18380,82,Lost,0,2024,2,2024Q1,2024Q2,2024Q1,Mid (10-30K),Stalled (80d+),0.4009433962264151,Q4 (Bottom),0.5422352923026091,54.2,High Risk,Long cycle: 82d | Lead Source: Outbound,Review deal with manager + offer POC or discount
D03566,2024-02-22,2024-05-05,rep_16,HealthTech,Europe,Enterprise,Partner,Negotiation,9687,73,Won,1,2024,2,2024Q1,2024Q2,2024Q1,Small (<10K),Slow (45-80d),0.47085201793721976,Q1 (Top),0.5408696489695115,54.1,High Risk,Lead Source: Partner,Review deal with manager + offer POC or discount
D01536,2024-03-25,2024-06-02,rep_9,SaaS,India,Core,Partner,Demo,6825,69,Lost,0,2024,3,2024Q1,2024Q2,2024Q1,Small (<10K),Slow (45-80d),0.44623655913978494,Q3,0.5406006287320353,54.1,High Risk,Lead Source: Partner,Review deal with manager + offer POC or discount
D00502,2024-01-09,2024-04-23,rep_7,FinTech,APAC,Core,Referral,Demo,4365,105,Lost,0,2024,1,2024Q1,2024Q2,2024Q1,Small (<10K),Stalled (80d+),0.4166666666666667,Q4 (Bottom),0.5408656142395799,54.1,High Risk,Long cycle: 105d | Lead Source: Referral,Review deal with manager + offer POC or discount
D03122,2024-03-19,2024-06-14,rep_1,EdTech,Europe,Core,Inbound,Qualified,9530,87,Lost,0,2024,3,2024Q1,2024Q2,2024Q1,Small (<10K),Stalled (80d+),0.4549763033175355,Q2,0.5410526477625354,54.1,High Risk,Long cycle: 87d | Lead Source: Inbound,Review deal with manager + offer POC or discount
D03786,2024-01-11,2024-04-27,rep_8,HealthTech,India,Core,Referral,Demo,15698,107,Won,1,2024,1,2024Q1,2024Q2,2024Q1,Mid (10-30K),Stalled (80d+),0.48128342245989303,Q1 (Top),0.5398848460227383,54.0,High Risk,Long cycle: 107d | Lead Source: Referral,Review deal with manager + offer POC or discount
D02071,2024-02-12,2024-03-15,rep_25,FinTech,Europe,Pro,Partner,Closed,17381,32,Lost,0,2024,2,2024Q1,2024Q1,2024Q1,Mid (10-30K),Normal (20-45d),0.45365853658536587,Q3,0.53974249346714,54.0,High Risk,Lead Source: Partner,Review deal with manager + offer POC or discount
D00080,2024-03-06,2024-03-27,rep_17,EdTech,India,Pro,Referral,Proposal,18612,21,Lost,0,2024,3,2024Q1,2024Q1,2024Q1,Mid (10-30K),Normal (20-45d),0.44571428571428573,Q3,0.5402058520504872,54.0,High Risk,Lead Source: Referral,Review deal with manager + offer POC or discount
D03316,2024-01-30,2024-05-11,rep_5,Ecommerce,North America,Pro,Referral,Qualified,2653,102,Lost,0,2024,1,2024Q1,2024Q2,2024Q1,Small (<10K),Stalled (80d+),0.4577114427860697,Q2,0.5395361225287039,54.0,High Risk,Long cycle: 102d | Lead Source: Referral,Review deal with manager + offer POC or discount
D02750,2024-01-26,2024-03-22,rep_22,Ecommerce,APAC,Core,Referral,Proposal,10050,56,Won,1,2024,1,2024Q1,2024Q1,2024Q1,Mid (10-30K),Slow (45-80d),0.4009433962264151,Q4 (Bottom),0.5391425347560896,53.9,High Risk,Lead Source: Referral,Review deal with manager + offer POC or discount
D03451,2024-03-22,2024-05-05,rep_9,SaaS,APAC,Pro,Partner,Proposal,9269,44,Lost,0,2024,3,2024Q1,2024Q2,2024Q1,Small (<10K),Normal (20-45d),0.44623655913978494,Q3,0.5388821270001398,53.9,High Risk,Lead Source: Partner,Review deal with manager + offer POC or discount
D02998,2024-02-29,2024-05-18,rep_19,EdTech,North America,Enterprise,Inbound,Closed,6357,79,Lost,0,2024,2,2024Q1,2024Q2,2024Q1,Small (<10K),Slow (45-80d),0.47959183673469385,Q1 (Top),0.5385982015005081,53.9,High Risk,Long cycle: 79d | Lead Source: Inbound,Review deal with manager + offer POC or discount
D01418,2024-01-05,2024-02-04,rep_20,EdTech,APAC,Core,Inbound,Proposal,67281,30,Won,1,2024,1,2024Q1,2024Q1,2024Q1,Enterprise (60K+),Normal (20-45d),0.46956521739130436,Q2,0.5375939207207333,53.8,High Risk,"Large deal: $67,281 | Lead Source: Inbound",Review deal with manager + offer POC or discount
D00809,2024-01-11,2024-03-13,rep_6,SaaS,North America,Pro,Outbound,Negotiation,5069,62,Won,1,2024,1,2024Q1,2024Q1,2024Q1,Small (<10K),Slow (45-80d),0.42786069651741293,Q4 (Bottom),0.5377427729594483,53.8,High Risk,Lead Source: Outbound,Review deal with manager + offer POC or discount
D02304,2024-02-03,2024-04-14,rep_15,HealthTech,India,Pro,Outbound,Qualified,78753,71,Won,1,2024,2,2024Q1,2024Q2,2024Q1,Enterprise (60K+),Slow (45-80d),0.44571428571428573,Q3,0.5370717779320913,53.7,High Risk,"Large deal: $78,753 | Lead Source: Outbound",Review deal with manager + offer POC or discount
D03839,2024-01-24,2024-04-17,rep_5,EdTech,Europe,Core,Referral,Proposal,75911,84,Lost,0,2024,1,2024Q1,2024Q2,2024Q1,Enterprise (60K+),Stalled (80d+),0.4577114427860697,Q2,0.5366609092750602,53.7,High Risk,"Long cycle: 84d | Large deal: $75,911 | Lead Source: Referral",Review deal with manager + offer POC or discount
D02255,2024-03-23,2024-06-26,rep_15,Ecommerce,India,Pro,Inbound,Demo,17554,95,Won,1,2024,3,2024Q1,2024Q2,2024Q1,Mid (10-30K),Stalled (80d+),0.44571428571428573,Q3,0.5371167652313584,53.7,High Risk,Long cycle: 95d | Lead Source: Inbound,Review deal with manager + offer POC or discount
D01878,2024-01-05,2024-01-14,rep_1,FinTech,Europe,Pro,Partner,Qualified,15734,9,Lost,0,2024,1,2024Q1,2024Q1,2024Q1,Mid (10-30K),Fast (<20d),0.4549763033175355,Q2,0.5357243311343145,53.6,High Risk,Lead Source: Partner,Review deal with manager + offer POC or discount
D01823,2024-01-19,2024-02-02,rep_6,HealthTech,APAC,Pro,Outbound,Qualified,7257,14,Won,1,2024,1,2024Q1,2024Q1,2024Q1,Small (<10K),Fast (<20d),0.42786069651741293,Q4 (Bottom),0.5356972135761455,53.6,High Risk,Lead Source: Outbound,Review deal with manager + offer POC or discount
D01644,2024-03-19,2024-05-16,rep_15,EdTech,India,Enterprise,Inbound,Qualified,10383,58,Lost,0,2024,3,2024Q1,2024Q2,2024Q1,Mid (10-30K),Slow (45-80d),0.44571428571428573,Q3,0.5350361902668482,53.5,High Risk,Lead Source: Inbound,Review deal with manager + offer POC or discount
D00535,2024-03-09,2024-04-01,rep_23,SaaS,APAC,Core,Partner,Qualified,2511,23,Lost,0,2024,3,2024Q1,2024Q2,2024Q1,Small (<10K),Normal (20-45d),0.44565217391304346,Q3,0.5350945500088105,53.5,High Risk,Lead Source: Partner,Review deal with manager + offer POC or discount
D00668,2024-01-27,2024-02-22,rep_5,FinTech,Europe,Core,Inbound,Demo,7385,26,Lost,0,2024,1,2024Q1,2024Q1,2024Q1,Small (<10K),Normal (20-45d),0.4577114427860697,Q2,0.5348556544211109,53.5,High Risk,Lead Source: Inbound,Review deal with manager + offer POC or discount
D00319,2024-03-15,2024-06-19,rep_25,EdTech,APAC,Enterprise,Referral,Negotiation,59384,96,Lost,0,2024,3,2024Q1,2024Q2,2024Q1,Large (30-60K),Stalled (80d+),0.45365853658536587,Q3,0.5348995984049011,53.5,High Risk,Long cycle: 96d | Lead Source: Referral,Review deal with manager + offer POC or discount
D01138,2024-01-16,2024-04-08,rep_6,Ecommerce,APAC,Enterprise,Outbound,Demo,92359,83,Lost,0,2024,1,2024Q1,2024Q2,2024Q1,Enterprise (60K+),Stalled (80d+),0.42786069651741293,Q4 (Bottom),0.535323219278644,53.5,High Risk,"Long cycle: 83d | Large deal: $92,359 | Lead Source: Outbound",Review deal with manager + offer POC or discount
D02152,2024-01-28,2024-04-02,rep_4,SaaS,Europe,Pro,Inbound,Demo,15659,65,Lost,0,2024,1,2024Q1,2024Q2,2024Q1,Mid (10-30K),Slow (45-80d),0.458128078817734,Q2,0.535152838731978,53.5,High Risk,Lead Source: Inbound,Review deal with manager + offer POC or discount
D00351,2024-02-15,2024-05-04,rep_1,HealthTech,India,Pro,Inbound,Closed,18015,79,Lost,0,2024,2,2024Q1,2024Q2,2024Q1,Mid (10-30K),Slow (45-80d),0.4549763033175355,Q2,0.5335456525421733,53.4,High Risk,Long cycle: 79d | Lead Source: Inbound,Review deal with manager + offer POC or discount
D04436,2024-02-09,2024-03-07,rep_17,SaaS,India,Core,Inbound,Qualified,72853,27,Won,1,2024,2,2024Q1,2024Q1,2024Q1,Enterprise (60K+),Normal (20-45d),0.44571428571428573,Q3,0.5336464596257682,53.4,High Risk,"Large deal: $72,853 | Lead Source: Inbound",Review deal with manager + offer POC or discount
D03160,2024-02-27,2024-06-15,rep_11,FinTech,Europe,Pro,Referral,Proposal,5156,109,Lost,0,2024,2,2024Q1,2024Q2,2024Q1,Small (<10K),Stalled (80d+),0.465,Q2,0.534187844086291,53.4,High Risk,Long cycle: 109d | Lead Source: Referral,Review deal with manager + offer POC or discount
D00631,2024-03-26,2024-04-17,rep_2,HealthTech,APAC,Enterprise,Outbound,Qualified,14165,22,Won,1,2024,3,2024Q1,2024Q2,2024Q1,Mid (10-30K),Normal (20-45d),0.46153846153846156,Q2,0.5340890968435401,53.4,High Risk,Lead Source: Outbound,Review deal with manager + offer POC or discount
D00260,2024-01-07,2024-04-12,rep_1,HealthTech,India,Core,Outbound,Qualified,31953,96,Lost,0,2024,1,2024Q1,2024Q2,2024Q1,Large (30-60K),Stalled (80d+),0.4549763033175355,Q2,0.534015949935533,53.4,High Risk,Long cycle: 96d | Lead Source: Outbound,Review deal with manager + offer POC or discount
D02320,2024-03-03,2024-05-02,rep_12,HealthTech,India,Core,Referral,Proposal,26401,60,Lost,0,2024,3,2024Q1,2024Q2,2024Q1,Mid (10-30K),Slow (45-80d),0.48333333333333334,Q1 (Top),0.533103989975551,53.3,High Risk,Lead Source: Referral,Review deal with manager + offer POC or discount
D04692,2024-03-07,2024-04-01,rep_5,FinTech,India,Pro,Referral,Proposal,12732,25,Lost,0,2024,3,2024Q1,2024Q2,2024Q1,Mid (10-30K),Normal (20-45d),0.4577114427860697,Q2,0.5334178071618176,53.3,High Risk,Lead Source: Referral,Review deal with manager + offer POC or discount
D02711,2024-03-08,2024-04-15,rep_24,EdTech,APAC,Core,Referral,Demo,65782,38,Lost,0,2024,3,2024Q1,2024Q2,2024Q1,Enterprise (60K+),Normal (20-45d),0.4482758620689655,Q3,0.5330998875273029,53.3,High Risk,"Large deal: $65,782 | Lead Source: Referral",Review deal with manager + offer POC or discount
D01383,2024-01-06,2024-02-04,rep_25,EdTech,North America,Enterprise,Inbound,Demo,12024,29,Won,1,2024,1,2024Q1,2024Q1,2024Q1,Mid (10-30K),Normal (20-45d),0.45365853658536587,Q3,0.5331922485308093,53.3,High Risk,Lead Source: Inbound,Review deal with manager + offer POC or discount
D03217,2024-03-06,2024-05-26,rep_18,SaaS,India,Enterprise,Inbound,Closed,2011,81,Won,1,2024,3,2024Q1,2024Q2,2024Q1,Small (<10K),Stalled (80d+),0.40860215053763443,Q4 (Bottom),0.5334393382180769,53.3,High Risk,Long cycle: 81d | Lead Source: Inbound,Review deal with manager + offer POC or discount
D00754,2024-03-07,2024-04-16,rep_11,HealthTech,APAC,Pro,Outbound,Qualified,19099,40,Lost,0,2024,3,2024Q1,2024Q2,2024Q1,Mid (10-30K),Normal (20-45d),0.465,Q2,0.5331185471734563,53.3,High Risk,Lead Source: Outbound,Review deal with manager + offer POC or discount
D03938,2024-03-26,2024-04-15,rep_10,SaaS,North America,Pro,Inbound,Qualified,3305,20,Lost,0,2024,3,2024Q1,2024Q2,2024Q1,Small (<10K),Fast (<20d),0.42408376963350786,Q4 (Bottom),0.5316471460660759,53.2,High Risk,Lead Source: Inbound,Review deal with manager + offer POC or discount
D00653,2024-03-16,2024-07-14,rep_2,EdTech,North America,Pro,Referral,Negotiation,61573,120,Won,1,2024,3,2024Q1,2024Q3,2024Q1,Enterprise (60K+),Stalled (80d+),0.46153846153846156,Q2,0.5322820193724442,53.2,High Risk,"Long cycle: 120d | Large deal: $61,573 | Lead Source: Referral",Review deal with manager + offer POC or discount
D03275,2024-03-09,2024-05-08,rep_21,FinTech,APAC,Core,Referral,Negotiation,27149,60,Lost,0,2024,3,2024Q1,2024Q2,2024Q1,Mid (10-30K),Slow (45-80d),0.5096153846153846,Q1 (Top),0.5314254122282258,53.1,High Risk,Lead Source: Referral,Review deal with manager + offer POC or discount
D04117,2024-03-25,2024-05-17,rep_22,HealthTech,North America,Enterprise,Referral,Demo,7973,53,Lost,0,2024,3,2024Q1,2024Q2,2024Q1,Small (<10K),Slow (45-80d),0.4009433962264151,Q4 (Bottom),0.5311955896833604,53.1,High Risk,Lead Source: Referral,Review deal with manager + offer POC or discount
D03959,2024-02-24,2024-03-28,rep_7,EdTech,North America,Core,Inbound,Closed,7320,33,Lost,0,2024,2,2024Q1,2024Q1,2024Q1,Small (<10K),Normal (20-45d),0.4166666666666667,Q4 (Bottom),0.5305425953833239,53.1,High Risk,Lead Source: Inbound,Review deal with manager + offer POC or discount
D01255,2024-03-16,2024-04-24,rep_13,Ecommerce,Europe,Pro,Inbound,Qualified,46299,39,Lost,0,2024,3,2024Q1,2024Q2,2024Q1,Large (30-60K),Normal (20-45d),0.441025641025641,Q4 (Bottom),0.5310536997563977,53.1,High Risk,Lead Source: Inbound,Review deal with manager + offer POC or discount
D02225,2024-03-17,2024-05-29,rep_1,Ecommerce,India,Core,Inbound,Negotiation,11129,73,Lost,0,2024,3,2024Q1,2024Q2,2024Q1,Mid (10-30K),Slow (45-80d),0.4549763033175355,Q2,0.5295054861850512,53.0,High Risk,Lead Source: Inbound,Review deal with manager + offer POC or discount
D00479,2024-02-23,2024-03-30,rep_8,SaaS,Europe,Pro,Inbound,Qualified,5062,36,Won,1,2024,2,2024Q1,2024Q1,2024Q1,Small (<10K),Normal (20-45d),0.48128342245989303,Q1 (Top),0.5295583506998236,53.0,High Risk,Lead Source: Inbound,Review deal with manager + offer POC or discount
D00146,2024-02-21,2024-05-20,rep_5,FinTech,India,Core,Partner,Demo,82722,89,Won,1,2024,2,2024Q1,2024Q2,2024Q1,Enterprise (60K+),Stalled (80d+),0.4577114427860697,Q2,0.5290502589624254,52.9,High Risk,"Long cycle: 89d | Large deal: $82,722 | Lead Source: Partner",Review deal with manager + offer POC or discount
D04202,2024-03-18,2024-05-31,rep_4,FinTech,APAC,Core,Outbound,Proposal,29660,74,Lost,0,2024,3,2024Q1,2024Q2,2024Q1,Mid (10-30K),Slow (45-80d),0.458128078817734,Q2,0.5290594601461702,52.9,High Risk,Lead Source: Outbound,Review deal with manager + offer POC or discount
D00787,2024-02-22,2024-04-10,rep_14,FinTech,Europe,Core,Inbound,Negotiation,47147,48,Won,1,2024,2,2024Q1,2024Q2,2024Q1,Large (30-60K),Slow (45-80d),0.4396135265700483,Q4 (Bottom),0.5291135523020445,52.9,High Risk,Lead Source: Inbound,Review deal with manager + offer POC or discount
D00496,2024-03-25,2024-05-02,rep_25,FinTech,Europe,Pro,Referral,Closed,8643,38,Lost,0,2024,3,2024Q1,2024Q2,2024Q1,Small (<10K),Normal (20-45d),0.45365853658536587,Q3,0.5277955857427185,52.8,High Risk,Lead Source: Referral,Review deal with manager + offer POC or discount
D01973,2024-02-22,2024-06-06,rep_10,HealthTech,Europe,Pro,Referral,Qualified,70047,105,Lost,0,2024,2,2024Q1,2024Q2,2024Q1,Enterprise (60K+),Stalled (80d+),0.42408376963350786,Q4 (Bottom),0.5278335635288508,52.8,High Risk,"Long cycle: 105d | Large deal: $70,047 | Lead Source: Referral",Review deal with manager + offer POC or discount
D02362,2024-02-23,2024-04-02,rep_15,SaaS,India,Core,Outbound,Negotiation,6449,39,Lost,0,2024,2,2024Q1,2024Q2,2024Q1,Small (<10K),Normal (20-45d),0.44571428571428573,Q3,0.527801726034686,52.8,High Risk,Lead Source: Outbound,Review deal with manager + offer POC or discount
D02134,2024-02-25,2024-05-02,rep_23,EdTech,APAC,Pro,Inbound,Qualified,4335,67,Won,1,2024,2,2024Q1,2024Q2,2024Q1,Small (<10K),Slow (45-80d),0.44565217391304346,Q3,0.5274134981888873,52.7,High Risk,Lead Source: Inbound,Review deal with manager + offer POC or discount
D02955,2024-02-04,2024-05-12,rep_4,FinTech,Europe,Pro,Partner,Closed,2696,98,Lost,0,2024,2,2024Q1,2024Q2,2024Q1,Small (<10K),Stalled (80d+),0.458128078817734,Q2,0.5265095247164226,52.7,High Risk,Long cycle: 98d | Lead Source: Partner,Review deal with manager + offer POC or discount
D01471,2024-02-12,2024-05-17,rep_16,Ecommerce,Europe,Core,Outbound,Closed,2440,95,Won,1,2024,2,2024Q1,2024Q2,2024Q1,Small (<10K),Stalled (80d+),0.47085201793721976,Q1 (Top),0.5265394816002497,52.7,High Risk,Long cycle: 95d | Lead Source: Outbound,Review deal with manager + offer POC or discount
D01485,2024-03-19,2024-05-15,rep_9,EdTech,Europe,Enterprise,Referral,Qualified,92848,57,Won,1,2024,3,2024Q1,2024Q2,2024Q1,Enterprise (60K+),Slow (45-80d),0.44623655913978494,Q3,0.5267473344596966,52.7,High Risk,"Large deal: $92,848 | Lead Source: Referral",Review deal with manager + offer POC or discount
D04042,2024-02-01,2024-03-02,rep_3,FinTech,APAC,Core,Partner,Demo,19080,30,Won,1,2024,2,2024Q1,2024Q1,2024Q1,Mid (10-30K),Normal (20-45d),0.4722222222222222,Q1 (Top),0.5271740786481829,52.7,High Risk,Lead Source: Partner,Review deal with manager + offer POC or discount
D02339,2024-03-04,2024-04-11,rep_22,SaaS,North America,Core,Referral,Demo,18075,38,Won,1,2024,3,2024Q1,2024Q2,2024Q1,Mid (10-30K),Normal (20-45d),0.4009433962264151,Q4 (Bottom),0.5267448311743101,52.7,High Risk,Lead Source: Referral,Review deal with manager + offer POC or discount
D03401,2024-02-17,2024-04-19,rep_2,SaaS,India,Enterprise,Outbound,Closed,7469,62,Lost,0,2024,2,2024Q1,2024Q2,2024Q1,Small (<10K),Slow (45-80d),0.46153846153846156,Q2,0.5271573602941706,52.7,High Risk,Lead Source: Outbound,Review deal with manager + offer POC or discount
D03098,2024-01-31,2024-04-08,rep_24,SaaS,APAC,Pro,Outbound,Demo,5068,68,Lost,0,2024,1,2024Q1,2024Q2,2024Q1,Small (<10K),Slow (45-80d),0.4482758620689655,Q3,0.5271785495706863,52.7,High Risk,Lead Source: Outbound,Review deal with manager + offer POC or discount
D04758,2024-03-18,2024-04-26,rep_14,EdTech,India,Pro,Inbound,Proposal,18452,39,Lost,0,2024,3,2024Q1,2024Q2,2024Q1,Mid (10-30K),Normal (20-45d),0.4396135265700483,Q4 (Bottom),0.5264767688368786,52.6,High Risk,Lead Source: Inbound,Review deal with manager + offer POC or discount
D02938,2024-02-05,2024-02-15,rep_7,HealthTech,Europe,Core,Partner,Negotiation,26364,10,Lost,0,2024,2,2024Q1,2024Q1,2024Q1,Mid (10-30K),Fast (<20d),0.4166666666666667,Q4 (Bottom),0.5264009824031584,52.6,High Risk,Lead Source: Partner,Review deal with manager + offer POC or discount
D02974,2024-02-29,2024-05-19,rep_13,SaaS,Europe,Core,Inbound,Proposal,15526,80,Lost,0,2024,2,2024Q1,2024Q2,2024Q1,Mid (10-30K),Slow (45-80d),0.441025641025641,Q4 (Bottom),0.5256907060939312,52.6,High Risk,Long cycle: 80d | Lead Source: Inbound,Review deal with manager + offer POC or discount
D04009,2024-03-13,2024-05-10,rep_1,EdTech,Europe,Enterprise,Outbound,Demo,59074,58,Won,1,2024,3,2024Q1,2024Q2,2024Q1,Large (30-60K),Slow (45-80d),0.4549763033175355,Q2,0.5256469131971632,52.6,High Risk,Lead Source: Outbound,Review deal with manager + offer POC or discount
D00465,2024-01-18,2024-02-07,rep_4,HealthTech,Europe,Enterprise,Referral,Negotiation,80125,20,Lost,0,2024,1,2024Q1,2024Q1,2024Q1,Enterprise (60K+),Fast (<20d),0.458128078817734,Q2,0.5246301834179885,52.5,High Risk,"Large deal: $80,125 | Lead Source: Referral",Review deal with manager + offer POC or discount
D00529,2024-02-10,2024-03-26,rep_8,SaaS,Europe,Pro,Referral,Closed,5283,45,Lost,0,2024,2,2024Q1,2024Q1,2024Q1,Small (<10K),Normal (20-45d),0.48128342245989303,Q1 (Top),0.5248314574727881,52.5,High Risk,Lead Source: Referral,Review deal with manager + offer POC or discount
D01513,2024-03-01,2024-05-17,rep_10,HealthTech,APAC,Enterprise,Referral,Closed,6917,77,Lost,0,2024,3,2024Q1,2024Q2,2024Q1,Small (<10K),Slow (45-80d),0.42408376963350786,Q4 (Bottom),0.5245270701881766,52.5,High Risk,Long cycle: 77d | Lead Source: Referral,Review deal with manager + offer POC or discount
D03965,2024-03-13,2024-04-04,rep_16,HealthTech,North America,Enterprise,Partner,Proposal,13370,22,Lost,0,2024,3,2024Q1,2024Q2,2024Q1,Mid (10-30K),Normal (20-45d),0.47085201793721976,Q1 (Top),0.5250412181785654,52.5,High Risk,Lead Source: Partner,Review deal with manager + offer POC or discount
D01196,2024-03-03,2024-06-19,rep_16,EdTech,Europe,Enterprise,Referral,Negotiation,21535,108,Won,1,2024,3,2024Q1,2024Q2,2024Q1,Mid (10-30K),Stalled (80d+),0.47085201793721976,Q1 (Top),0.5236154273522375,52.4,High Risk,Long cycle: 108d | Lead Source: Referral,Review deal with manager + offer POC or discount
D04034,2024-02-20,2024-05-03,rep_18,HealthTech,APAC,Pro,Outbound,Closed,34107,73,Won,1,2024,2,2024Q1,2024Q2,2024Q1,Large (30-60K),Slow (45-80d),0.40860215053763443,Q4 (Bottom),0.5238938556672297,52.4,High Risk,Lead Source: Outbound,Review deal with manager + offer POC or discount
D00234,2024-01-02,2024-03-03,rep_13,SaaS,India,Enterprise,Inbound,Closed,15357,61,Lost,0,2024,1,2024Q1,2024Q1,2024Q1,Mid (10-30K),Slow (45-80d),0.441025641025641,Q4 (Bottom),0.5236241218060991,52.4,High Risk,Lead Source: Inbound,Review deal with manager + offer POC or discount
D04209,2024-01-17,2024-04-25,rep_10,EdTech,India,Pro,Outbound,Proposal,26938,99,Lost,0,2024,1,2024Q1,2024Q2,2024Q1,Mid (10-30K),Stalled (80d+),0.42408376963350786,Q4 (Bottom),0.5243504206559344,52.4,High Risk,Long cycle: 99d | Lead Source: Outbound,Review deal with manager + offer POC or discount
D03384,2024-02-09,2024-05-20,rep_21,EdTech,North America,Core,Inbound,Negotiation,7516,101,Won,1,2024,2,2024Q1,2024Q2,2024Q1,Small (<10K),Stalled (80d+),0.5096153846153846,Q1 (Top),0.5235259691669564,52.4,High Risk,Long cycle: 101d | Lead Source: Inbound,Review deal with manager + offer POC or discount
D01937,2024-02-04,2024-05-22,rep_12,HealthTech,India,Enterprise,Inbound,Closed,5392,108,Won,1,2024,2,2024Q1,2024Q2,2024Q1,Small (<10K),Stalled (80d+),0.48333333333333334,Q1 (Top),0.5217755887413031,52.2,High Risk,Long cycle: 108d | Lead Source: Inbound,Review deal with manager + offer POC or discount
D04465,2024-01-15,2024-03-24,rep_24,Ecommerce,Europe,Core,Partner,Closed,50742,69,Won,1,2024,1,2024Q1,2024Q1,2024Q1,Large (30-60K),Slow (45-80d),0.4482758620689655,Q3,0.5223156895946057,52.2,High Risk,Lead Source: Partner,Review deal with manager + offer POC or discount
D00876,2024-01-20,2024-04-01,rep_6,FinTech,Europe,Enterprise,Outbound,Demo,14567,72,Won,1,2024,1,2024Q1,2024Q2,2024Q1,Mid (10-30K),Slow (45-80d),0.42786069651741293,Q4 (Bottom),0.5212603646772184,52.1,High Risk,Lead Source: Outbound,Review deal with manager + offer POC or discount
D00732,2024-02-28,2024-05-21,rep_12,HealthTech,India,Core,Outbound,Negotiation,3451,83,Won,1,2024,2,2024Q1,2024Q2,2024Q1,Small (<10K),Stalled (80d+),0.48333333333333334,Q1 (Top),0.520863909907665,52.1,High Risk,Long cycle: 83d | Lead Source: Outbound,Review deal with manager + offer POC or discount
D00574,2024-03-17,2024-06-29,rep_9,FinTech,Europe,Core,Outbound,Demo,80845,104,Lost,0,2024,3,2024Q1,2024Q2,2024Q1,Enterprise (60K+),Stalled (80d+),0.44623655913978494,Q3,0.520773671792225,52.1,High Risk,"Long cycle: 104d | Large deal: $80,845 | Lead Source: Outbound",Review deal with manager + offer POC or discount
D00722,2024-01-01,2024-01-15,rep_9,Ecommerce,North America,Core,Outbound,Proposal,13243,14,Won,1,2024,1,2024Q1,2024Q1,2024Q1,Mid (10-30K),Fast (<20d),0.44623655913978494,Q3,0.520898778365241,52.1,High Risk,Lead Source: Outbound,Review deal with manager + offer POC or discount
D00548,2024-01-30,2024-03-26,rep_24,EdTech,North America,Enterprise,Partner,Closed,5605,56,Won,1,2024,1,2024Q1,2024Q1,2024Q1,Small (<10K),Slow (45-80d),0.4482758620689655,Q3,0.5197324320152333,52.0,High Risk,Lead Source: Partner,Review deal with manager + offer POC or discount
D00287,2024-02-26,2024-04-24,rep_9,FinTech,North America,Core,Outbound,Closed,31015,58,Won,1,2024,2,2024Q1,2024Q2,2024Q1,Large (30-60K),Slow (45-80d),0.44623655913978494,Q3,0.519034141901566,51.9,High Risk,Lead Source: Outbound,Review deal with manager + offer POC or discount
D02822,2024-01-11,2024-04-09,rep_21,FinTech,APAC,Core,Referral,Closed,18072,89,Lost,0,2024,1,2024Q1,2024Q2,2024Q1,Mid (10-30K),Stalled (80d+),0.5096153846153846,Q1 (Top),0.5190484471657494,51.9,High Risk,Long cycle: 89d | Lead Source: Referral,Review deal with manager + offer POC or discount
D00082,2024-02-25,2024-03-03,rep_5,Ecommerce,India,Pro,Partner,Negotiation,96011,7,Won,1,2024,2,2024Q1,2024Q1,2024Q1,Enterprise (60K+),Fast (<20d),0.4577114427860697,Q2,0.5180507822907564,51.8,High Risk,"Large deal: $96,011 | Lead Source: Partner",Review deal with manager + offer POC or discount
D00088,2024-02-12,2024-02-26,rep_14,SaaS,Europe,Core,Outbound,Closed,5070,14,Won,1,2024,2,2024Q1,2024Q1,2024Q1,Small (<10K),Fast (<20d),0.4396135265700483,Q4 (Bottom),0.5174475949791015,51.7,High Risk,Lead Source: Outbound,Review deal with manager + offer POC or discount
D04078,2024-01-20,2024-03-29,rep_10,HealthTech,India,Enterprise,Outbound,Closed,8898,69,Lost,0,2024,1,2024Q1,2024Q1,2024Q1,Small (<10K),Slow (45-80d),0.42408376963350786,Q4 (Bottom),0.5165374766776806,51.7,High Risk,Lead Source: Outbound,Review deal with manager + offer POC or discount
D04578,2024-01-09,2024-04-18,rep_5,EdTech,North America,Enterprise,Referral,Demo,95249,100,Lost,0,2024,1,2024Q1,2024Q2,2024Q1,Enterprise (60K+),Stalled (80d+),0.4577114427860697,Q2,0.5173714058063874,51.7,High Risk,"Long cycle: 100d | Large deal: $95,249 | Lead Source: Referral",Review deal with manager + offer POC or discount
D00553,2024-03-01,2024-03-16,rep_12,HealthTech,APAC,Pro,Outbound,Negotiation,33619,15,Won,1,2024,3,2024Q1,2024Q1,2024Q1,Large (30-60K),Fast (<20d),0.48333333333333334,Q1 (Top),0.5172843814183746,51.7,High Risk,Lead Source: Outbound,Review deal with manager + offer POC or discount
D03220,2024-03-21,2024-07-13,rep_11,EdTech,APAC,Pro,Outbound,Proposal,7628,114,Won,1,2024,3,2024Q1,2024Q3,2024Q1,Small (<10K),Stalled (80d+),0.465,Q2,0.5163283495057376,51.6,High Risk,Long cycle: 114d | Lead Source: Outbound,Review deal with manager + offer POC or discount
D03286,2024-03-06,2024-05-25,rep_4,HealthTech,North America,Core,Referral,Qualified,57029,80,Won,1,2024,3,2024Q1,2024Q2,2024Q1,Large (30-60K),Slow (45-80d),0.458128078817734,Q2,0.5161508817847572,51.6,High Risk,Long cycle: 80d | Lead Source: Referral,Review deal with manager + offer POC or discount
D02008,2024-01-11,2024-03-07,rep_25,EdTech,India,Pro,Referral,Proposal,77033,56,Won,1,2024,1,2024Q1,2024Q1,2024Q1,Enterprise (60K+),Slow (45-80d),0.45365853658536587,Q3,0.5156105045245901,51.6,High Risk,"Large deal: $77,033 | Lead Source: Referral",Review deal with manager + offer POC or discount
D02637,2024-01-03,2024-04-06,rep_19,FinTech,India,Enterprise,Inbound,Proposal,19169,94,Lost,0,2024,1,2024Q1,2024Q2,2024Q1,Mid (10-30K),Stalled (80d+),0.47959183673469385,Q1 (Top),0.5148752853604149,51.5,High Risk,Long cycle: 94d | Lead Source: Inbound,Review deal with manager + offer POC or discount
D03317,2024-01-23,2024-02-20,rep_13,SaaS,India,Pro,Outbound,Closed,52949,28,Won,1,2024,1,2024Q1,2024Q1,2024Q1,Large (30-60K),Normal (20-45d),0.441025641025641,Q4 (Bottom),0.5149525551457675,51.5,High Risk,Lead Source: Outbound,Review deal with manager + offer POC or discount
D04145,2024-02-20,2024-03-04,rep_21,Ecommerce,India,Pro,Outbound,Negotiation,6319,13,Won,1,2024,2,2024Q1,2024Q1,2024Q1,Small (<10K),Fast (<20d),0.5096153846153846,Q1 (Top),0.5148258320259994,51.5,High Risk,Lead Source: Outbound,Review deal with manager + offer POC or discount
D03970,2024-02-25,2024-04-09,rep_21,FinTech,APAC,Enterprise,Partner,Proposal,19684,44,Won,1,2024,2,2024Q1,2024Q2,2024Q1,Mid (10-30K),Normal (20-45d),0.5096153846153846,Q1 (Top),0.5154939267584907,51.5,High Risk,Lead Source: Partner,Review deal with manager + offer POC or discount
D03942,2024-03-10,2024-03-22,rep_22,Ecommerce,Europe,Pro,Partner,Closed,77442,12,Won,1,2024,3,2024Q1,2024Q1,2024Q1,Enterprise (60K+),Fast (<20d),0.4009433962264151,Q4 (Bottom),0.5146692469467966,51.5,High Risk,"Large deal: $77,442 | Lead Source: Partner",Review deal with manager + offer POC or discount
D04336,2024-02-09,2024-05-05,rep_19,FinTech,North America,Pro,Outbound,Negotiation,28826,86,Won,1,2024,2,2024Q1,2024Q2,2024Q1,Mid (10-30K),Stalled (80d+),0.47959183673469385,Q1 (Top),0.5151369534390686,51.5,High Risk,Long cycle: 86d | Lead Source: Outbound,Review deal with manager + offer POC or discount
D03225,2024-01-14,2024-02-12,rep_16,EdTech,India,Core,Referral,Qualified,58150,29,Won,1,2024,1,2024Q1,2024Q1,2024Q1,Large (30-60K),Normal (20-45d),0.47085201793721976,Q1 (Top),0.5150535969541814,51.5,High Risk,Lead Source: Referral,Review deal with manager + offer POC or discount
D04700,2024-02-26,2024-05-04,rep_8,SaaS,India,Pro,Outbound,Demo,7527,68,Won,1,2024,2,2024Q1,2024Q2,2024Q1,Small (<10K),Slow (45-80d),0.48128342245989303,Q1 (Top),0.5139136496988902,51.4,High Risk,Lead Source: Outbound,Review deal with manager + offer POC or discount
D04773,2024-01-13,2024-02-17,rep_24,FinTech,India,Pro,Outbound,Qualified,2822,35,Lost,0,2024,1,2024Q1,2024Q1,2024Q1,Small (<10K),Normal (20-45d),0.4482758620689655,Q3,0.514172215514496,51.4,High Risk,Lead Source: Outbound,Review deal with manager + offer POC or discount
D01409,2024-02-25,2024-03-27,rep_10,SaaS,North America,Enterprise,Partner,Closed,16034,31,Lost,0,2024,2,2024Q1,2024Q1,2024Q1,Mid (10-30K),Normal (20-45d),0.42408376963350786,Q4 (Bottom),0.5143775020083671,51.4,High Risk,Lead Source: Partner,Review deal with manager + offer POC or discount
D01075,2024-03-21,2024-04-11,rep_16,HealthTech,India,Pro,Inbound,Closed,42376,21,Won,1,2024,3,2024Q1,2024Q2,2024Q1,Large (30-60K),Normal (20-45d),0.47085201793721976,Q1 (Top),0.5129614451755644,51.3,High Risk,Lead Source: Inbound,Review deal with manager + offer POC or discount
D02231,2024-03-23,2024-07-20,rep_17,EdTech,APAC,Pro,Referral,Negotiation,12957,119,Won,1,2024,3,2024Q1,2024Q3,2024Q1,Mid (10-30K),Stalled (80d+),0.44571428571428573,Q3,0.5130796556341085,51.3,High Risk,Long cycle: 119d | Lead Source: Referral,Review deal with manager + offer POC or discount
D02753,2024-03-02,2024-04-27,rep_3,SaaS,North America,Pro,Referral,Demo,14989,56,Won,1,2024,3,2024Q1,2024Q2,2024Q1,Mid (10-30K),Slow (45-80d),0.4722222222222222,Q1 (Top),0.5125502762352485,51.3,High Risk,Lead Source: Referral,Review deal with manager + offer POC or discount
D04329,2024-03-12,2024-03-27,rep_21,Ecommerce,APAC,Enterprise,Partner,Closed,6837,15,Lost,0,2024,3,2024Q1,2024Q1,2024Q1,Small (<10K),Fast (<20d),0.5096153846153846,Q1 (Top),0.5125484395485204,51.3,High Risk,Lead Source: Partner,Review deal with manager + offer POC or discount
D01985,2024-03-09,2024-03-28,rep_10,HealthTech,APAC,Core,Outbound,Proposal,2358,19,Lost,0,2024,3,2024Q1,2024Q1,2024Q1,Small (<10K),Fast (<20d),0.42408376963350786,Q4 (Bottom),0.5131275030702139,51.3,High Risk,Lead Source: Outbound,Review deal with manager + offer POC or discount
D04380,2024-02-16,2024-06-04,rep_25,EdTech,APAC,Enterprise,Referral,Qualified,7790,109,Lost,0,2024,2,2024Q1,2024Q2,2024Q1,Small (<10K),Stalled (80d+),0.45365853658536587,Q3,0.5133409950605125,51.3,High Risk,Long cycle: 109d | Lead Source: Referral,Review deal with manager + offer POC or discount
D04774,2024-03-16,2024-06-07,rep_6,Ecommerce,APAC,Core,Outbound,Proposal,5897,83,Lost,0,2024,3,2024Q1,2024Q2,2024Q1,Small (<10K),Stalled (80d+),0.42786069651741293,Q4 (Bottom),0.5127479204454699,51.3,High Risk,Long cycle: 83d | Lead Source: Outbound,Review deal with manager + offer POC or discount
D00154,2024-01-26,2024-02-11,rep_8,FinTech,North America,Enterprise,Outbound,Proposal,14012,16,Lost,0,2024,1,2024Q1,2024Q1,2024Q1,Mid (10-30K),Fast (<20d),0.48128342245989303,Q1 (Top),0.5123733674819994,51.2,High Risk,Lead Source: Outbound,Review deal with manager + offer POC or discount
D01175,2024-01-12,2024-01-28,rep_3,SaaS,India,Enterprise,Outbound,Closed,6573,16,Lost,0,2024,1,2024Q1,2024Q1,2024Q1,Small (<10K),Fast (<20d),0.4722222222222222,Q1 (Top),0.5118626994863205,51.2,High Risk,Lead Source: Outbound,Review deal with manager + offer POC or discount
D04665,2024-03-21,2024-04-03,rep_21,FinTech,India,Enterprise,Partner,Negotiation,62234,13,Won,1,2024,3,2024Q1,2024Q2,2024Q1,Enterprise (60K+),Fast (<20d),0.5096153846153846,Q1 (Top),0.5122816726242724,51.2,High Risk,"Large deal: $62,234 | Lead Source: Partner",Review deal with manager + offer POC or discount
D02726,2024-02-25,2024-04-23,rep_21,Ecommerce,Europe,Enterprise,Outbound,Qualified,31718,58,Won,1,2024,2,2024Q1,2024Q2,2024Q1,Large (30-60K),Slow (45-80d),0.5096153846153846,Q1 (Top),0.5116703465093627,51.2,High Risk,Lead Source: Outbound,Review deal with manager + offer POC or discount
D01731,2024-02-13,2024-02-21,rep_6,FinTech,APAC,Pro,Referral,Closed,15496,8,Lost,0,2024,2,2024Q1,2024Q1,2024Q1,Mid (10-30K),Fast (<20d),0.42786069651741293,Q4 (Bottom),0.5112029765164461,51.1,High Risk,Lead Source: Referral,Review deal with manager + offer POC or discount
D02567,2024-01-12,2024-02-04,rep_20,EdTech,North America,Pro,Partner,Demo,3567,23,Won,1,2024,1,2024Q1,2024Q1,2024Q1,Small (<10K),Normal (20-45d),0.46956521739130436,Q2,0.5108789059438413,51.1,High Risk,Lead Source: Partner,Review deal with manager + offer POC or discount
D04113,2024-03-19,2024-06-30,rep_13,FinTech,India,Pro,Outbound,Demo,30795,103,Won,1,2024,3,2024Q1,2024Q2,2024Q1,Large (30-60K),Stalled (80d+),0.441025641025641,Q4 (Bottom),0.5109353716182532,51.1,High Risk,Long cycle: 103d | Lead Source: Outbound,Review deal with manager + offer POC or discount
D02391,2024-03-18,2024-06-04,rep_17,HealthTech,APAC,Pro,Inbound,Closed,11615,78,Lost,0,2024,3,2024Q1,2024Q2,2024Q1,Mid (10-30K),Slow (45-80d),0.44571428571428573,Q3,0.5106647634606305,51.1,High Risk,Long cycle: 78d | Lead Source: Inbound,Review deal with manager + offer POC or discount
D01928,2024-01-25,2024-04-01,rep_20,FinTech,North America,Pro,Outbound,Qualified,50480,67,Won,1,2024,1,2024Q1,2024Q2,2024Q1,Large (30-60K),Slow (45-80d),0.46956521739130436,Q2,0.5110399823753228,51.1,High Risk,Lead Source: Outbound,Review deal with manager + offer POC or discount
D00035,2024-03-18,2024-04-02,rep_11,FinTech,North America,Pro,Outbound,Closed,13753,15,Lost,0,2024,3,2024Q1,2024Q2,2024Q1,Mid (10-30K),Fast (<20d),0.465,Q2,0.5113835547640895,51.1,High Risk,Lead Source: Outbound,Review deal with manager + offer POC or discount
D00205,2024-01-22,2024-04-06,rep_18,Ecommerce,India,Enterprise,Outbound,Qualified,12927,75,Lost,0,2024,1,2024Q1,2024Q2,2024Q1,Mid (10-30K),Slow (45-80d),0.40860215053763443,Q4 (Bottom),0.5109485209312222,51.1,High Risk,Lead Source: Outbound,Review deal with manager + offer POC or discount
D02088,2024-01-26,2024-02-22,rep_19,HealthTech,North America,Enterprise,Outbound,Closed,7539,27,Lost,0,2024,1,2024Q1,2024Q1,2024Q1,Small (<10K),Normal (20-45d),0.47959183673469385,Q1 (Top),0.5110556933721159,51.1,High Risk,Lead Source: Outbound,Review deal with manager + offer POC or discount
D02636,2024-02-12,2024-04-10,rep_20,FinTech,India,Core,Partner,Closed,5517,58,Won,1,2024,2,2024Q1,2024Q2,2024Q1,Small (<10K),Slow (45-80d),0.46956521739130436,Q2,0.5105758872942282,51.1,High Risk,Lead Source: Partner,Review deal with manager + offer POC or discount
D04458,2024-03-14,2024-06-03,rep_13,EdTech,Europe,Enterprise,Inbound,Negotiation,13434,81,Won,1,2024,3,2024Q1,2024Q2,2024Q1,Mid (10-30K),Stalled (80d+),0.441025641025641,Q4 (Bottom),0.5105605381875035,51.1,High Risk,Long cycle: 81d | Lead Source: Inbound,Review deal with manager + offer POC or discount
D04441,2024-02-11,2024-03-31,rep_3,EdTech,Europe,Core,Referral,Demo,92862,49,Lost,0,2024,2,2024Q1,2024Q1,2024Q1,Enterprise (60K+),Slow (45-80d),0.4722222222222222,Q1 (Top),0.5102956855872547,51.0,High Risk,"Large deal: $92,862 | Lead Source: Referral",Review deal with manager + offer POC or discount
D02538,2024-01-12,2024-02-19,rep_3,SaaS,India,Pro,Inbound,Qualified,18906,38,Lost,0,2024,1,2024Q1,2024Q1,2024Q1,Mid (10-30K),Normal (20-45d),0.4722222222222222,Q1 (Top),0.5099658917084093,51.0,High Risk,Lead Source: Inbound,Review deal with manager + offer POC or discount
D03293,2024-01-19,2024-05-01,rep_11,Ecommerce,North America,Core,Referral,Demo,54801,103,Won,1,2024,1,2024Q1,2024Q2,2024Q1,Large (30-60K),Stalled (80d+),0.465,Q2,0.5102102877552952,51.0,High Risk,Long cycle: 103d | Lead Source: Referral,Review deal with manager + offer POC or discount
D03046,2024-01-03,2024-01-28,rep_11,Ecommerce,North America,Core,Partner,Demo,10937,25,Won,1,2024,1,2024Q1,2024Q1,2024Q1,Mid (10-30K),Normal (20-45d),0.465,Q2,0.5104435168934819,51.0,High Risk,Lead Source: Partner,Review deal with manager + offer POC or discount
D04375,2024-01-10,2024-04-29,rep_21,EdTech,APAC,Enterprise,Referral,Closed,2177,110,Lost,0,2024,1,2024Q1,2024Q2,2024Q1,Small (<10K),Stalled (80d+),0.5096153846153846,Q1 (Top),0.5104318735852874,51.0,High Risk,Long cycle: 110d | Lead Source: Referral,Review deal with manager + offer POC or discount
D04286,2024-03-19,2024-06-29,rep_25,HealthTech,APAC,Pro,Referral,Demo,64705,102,Won,1,2024,3,2024Q1,2024Q2,2024Q1,Enterprise (60K+),Stalled (80d+),0.45365853658536587,Q3,0.5098389310080942,51.0,High Risk,"Long cycle: 102d | Large deal: $64,705 | Lead Source: Referral",Review deal with manager + offer POC or discount
D02626,2024-03-07,2024-04-25,rep_21,EdTech,India,Pro,Outbound,Proposal,14460,49,Lost,0,2024,3,2024Q1,2024Q2,2024Q1,Mid (10-30K),Slow (45-80d),0.5096153846153846,Q1 (Top),0.5095243700620278,51.0,High Risk,Lead Source: Outbound,Review deal with manager + offer POC or discount
D01286,2024-03-25,2024-06-09,rep_7,HealthTech,APAC,Core,Outbound,Qualified,36254,76,Lost,0,2024,3,2024Q1,2024Q2,2024Q1,Large (30-60K),Slow (45-80d),0.4166666666666667,Q4 (Bottom),0.5085282129499215,50.9,High Risk,Long cycle: 76d | Lead Source: Outbound,Review deal with manager + offer POC or discount
D03386,2024-01-19,2024-05-04,rep_6,FinTech,North America,Pro,Outbound,Demo,17637,106,Lost,0,2024,1,2024Q1,2024Q2,2024Q1,Mid (10-30K),Stalled (80d+),0.42786069651741293,Q4 (Bottom),0.5091181001044705,50.9,High Risk,Long cycle: 106d | Lead Source: Outbound,Review deal with manager + offer POC or discount
D01687,2024-02-06,2024-02-14,rep_21,SaaS,North America,Pro,Referral,Closed,93142,8,Lost,0,2024,2,2024Q1,2024Q1,2024Q1,Enterprise (60K+),Fast (<20d),0.5096153846153846,Q1 (Top),0.5086679594870244,50.9,High Risk,"Large deal: $93,142 | Lead Source: Referral",Review deal with manager + offer POC or discount
D02463,2024-02-04,2024-02-17,rep_9,SaaS,APAC,Core,Partner,Demo,15483,13,Lost,0,2024,2,2024Q1,2024Q1,2024Q1,Mid (10-30K),Fast (<20d),0.44623655913978494,Q3,0.5093010316812316,50.9,High Risk,Lead Source: Partner,Review deal with manager + offer POC or discount
D03912,2024-03-01,2024-05-02,rep_4,SaaS,North America,Core,Referral,Proposal,56530,62,Lost,0,2024,3,2024Q1,2024Q2,2024Q1,Large (30-60K),Slow (45-80d),0.458128078817734,Q2,0.508148163237014,50.8,High Risk,Lead Source: Referral,Review deal with manager + offer POC or discount
D00569,2024-01-27,2024-02-08,rep_25,Ecommerce,Europe,Enterprise,Partner,Demo,9035,12,Lost,0,2024,1,2024Q1,2024Q1,2024Q1,Small (<10K),Fast (<20d),0.45365853658536587,Q3,0.5083854325265657,50.8,High Risk,Lead Source: Partner,Review deal with manager + offer POC or discount
D02553,2024-03-13,2024-04-01,rep_23,FinTech,North America,Core,Inbound,Closed,4548,19,Lost,0,2024,3,2024Q1,2024Q2,2024Q1,Small (<10K),Fast (<20d),0.44565217391304346,Q3,0.5066716745749245,50.7,High Risk,Lead Source: Inbound,Review deal with manager + offer POC or discount
D01794,2024-03-06,2024-06-02,rep_7,FinTech,North America,Enterprise,Referral,Proposal,94929,88,Lost,0,2024,3,2024Q1,2024Q2,2024Q1,Enterprise (60K+),Stalled (80d+),0.4166666666666667,Q4 (Bottom),0.5074849149526218,50.7,High Risk,"Long cycle: 88d | Large deal: $94,929 | Lead Source: Referral",Review deal with manager + offer POC or discount
D04038,2024-01-19,2024-02-07,rep_1,FinTech,North America,Core,Referral,Qualified,5108,19,Lost,0,2024,1,2024Q1,2024Q1,2024Q1,Small (<10K),Fast (<20d),0.4549763033175355,Q2,0.5065015071058907,50.7,High Risk,Lead Source: Referral,Review deal with manager + offer POC or discount
D02124,2024-01-23,2024-05-06,rep_8,EdTech,India,Pro,Inbound,Proposal,8000,104,Lost,0,2024,1,2024Q1,2024Q2,2024Q1,Small (<10K),Stalled (80d+),0.48128342245989303,Q1 (Top),0.5074915320893167,50.7,High Risk,Long cycle: 104d | Lead Source: Inbound,Review deal with manager + offer POC or discount
D04401,2024-01-14,2024-04-08,rep_14,FinTech,North America,Enterprise,Inbound,Demo,6857,85,Won,1,2024,1,2024Q1,2024Q2,2024Q1,Small (<10K),Stalled (80d+),0.4396135265700483,Q4 (Bottom),0.506598652666977,50.7,High Risk,Long cycle: 85d | Lead Source: Inbound,Review deal with manager + offer POC or discount
D01205,2024-02-26,2024-03-24,rep_13,SaaS,Europe,Core,Partner,Negotiation,40898,27,Lost,0,2024,2,2024Q1,2024Q1,2024Q1,Large (30-60K),Normal (20-45d),0.441025641025641,Q4 (Bottom),0.507464988411075,50.7,High Risk,Lead Source: Partner,Review deal with manager + offer POC or discount
D00048,2024-03-02,2024-05-01,rep_16,FinTech,APAC,Pro,Referral,Negotiation,22560,60,Won,1,2024,3,2024Q1,2024Q2,2024Q1,Mid (10-30K),Slow (45-80d),0.47085201793721976,Q1 (Top),0.5062834982316955,50.6,High Risk,Lead Source: Referral,Review deal with manager + offer POC or discount
D02094,2024-02-20,2024-03-04,rep_4,Ecommerce,India,Enterprise,Inbound,Closed,19113,13,Lost,0,2024,2,2024Q1,2024Q1,2024Q1,Mid (10-30K),Fast (<20d),0.458128078817734,Q2,0.5057857475400155,50.6,High Risk,Lead Source: Inbound,Review deal with manager + offer POC or discount
D01538,2024-03-24,2024-04-14,rep_11,HealthTech,India,Enterprise,Inbound,Qualified,16904,21,Lost,0,2024,3,2024Q1,2024Q2,2024Q1,Mid (10-30K),Normal (20-45d),0.465,Q2,0.5064423584945159,50.6,High Risk,Lead Source: Inbound,Review deal with manager + offer POC or discount
D00662,2024-02-10,2024-03-06,rep_19,Ecommerce,North America,Core,Referral,Proposal,4144,25,Won,1,2024,2,2024Q1,2024Q1,2024Q1,Small (<10K),Normal (20-45d),0.47959183673469385,Q1 (Top),0.5055954032292627,50.6,High Risk,Lead Source: Referral,Review deal with manager + offer POC or discount
D02952,2024-03-11,2024-03-29,rep_25,HealthTech,Europe,Enterprise,Referral,Negotiation,5388,18,Won,1,2024,3,2024Q1,2024Q1,2024Q1,Small (<10K),Fast (<20d),0.45365853658536587,Q3,0.5062613963280707,50.6,High Risk,Lead Source: Referral,Review deal with manager + offer POC or discount
D01142,2024-01-02,2024-04-17,rep_24,FinTech,APAC,Pro,Inbound,Negotiation,19710,106,Lost,0,2024,1,2024Q1,2024Q2,2024Q1,Mid (10-30K),Stalled (80d+),0.4482758620689655,Q3,0.5050954398216287,50.5,High Risk,Long cycle: 106d | Lead Source: Inbound,Review deal with manager + offer POC or discount
D00552,2024-01-11,2024-04-13,rep_11,SaaS,North America,Enterprise,Inbound,Demo,64224,93,Lost,0,2024,1,2024Q1,2024Q2,2024Q1,Enterprise (60K+),Stalled (80d+),0.465,Q2,0.5047111244764699,50.5,High Risk,"Long cycle: 93d | Large deal: $64,224 | Lead Source: Inbound",Review deal with manager + offer POC or discount
D02114,2024-01-20,2024-04-06,rep_15,SaaS,Europe,Pro,Referral,Negotiation,17109,77,Lost,0,2024,1,2024Q1,2024Q2,2024Q1,Mid (10-30K),Slow (45-80d),0.44571428571428573,Q3,0.5052869676240623,50.5,High Risk,Long cycle: 77d | Lead Source: Referral,Review deal with manager + offer POC or discount
D04926,2024-02-26,2024-05-19,rep_9,EdTech,APAC,Core,Outbound,Negotiation,60859,83,Lost,0,2024,2,2024Q1,2024Q2,2024Q1,Enterprise (60K+),Stalled (80d+),0.44623655913978494,Q3,0.5050283484264733,50.5,High Risk,"Long cycle: 83d | Large deal: $60,859 | Lead Source: Outbound",Review deal with manager + offer POC or discount
D01850,2024-01-02,2024-03-04,rep_10,FinTech,North America,Pro,Outbound,Qualified,3466,62,Lost,0,2024,1,2024Q1,2024Q1,2024Q1,Small (<10K),Slow (45-80d),0.42408376963350786,Q4 (Bottom),0.5041988794368832,50.4,High Risk,Lead Source: Outbound,Review deal with manager + offer POC or discount
D00129,2024-01-01,2024-01-18,rep_15,SaaS,Europe,Pro,Partner,Negotiation,52472,17,Lost,0,2024,1,2024Q1,2024Q1,2024Q1,Large (30-60K),Fast (<20d),0.44571428571428573,Q3,0.5040836499892788,50.4,High Risk,Lead Source: Partner,Review deal with manager + offer POC or discount
D02398,2024-02-20,2024-02-28,rep_17,SaaS,Europe,Core,Referral,Qualified,24943,8,Won,1,2024,2,2024Q1,2024Q1,2024Q1,Mid (10-30K),Fast (<20d),0.44571428571428573,Q3,0.5026540725988565,50.3,High Risk,Lead Source: Referral,Review deal with manager + offer POC or discount
D00442,2024-02-17,2024-03-06,rep_1,FinTech,Europe,Pro,Partner,Proposal,4996,18,Won,1,2024,2,2024Q1,2024Q1,2024Q1,Small (<10K),Fast (<20d),0.4549763033175355,Q2,0.5029064309422104,50.3,High Risk,Lead Source: Partner,Review deal with manager + offer POC or discount
D00182,2024-01-18,2024-03-26,rep_5,FinTech,Europe,Core,Inbound,Proposal,93664,68,Won,1,2024,1,2024Q1,2024Q1,2024Q1,Enterprise (60K+),Slow (45-80d),0.4577114427860697,Q2,0.5032434027550897,50.3,High Risk,"Large deal: $93,664 | Lead Source: Inbound",Review deal with manager + offer POC or discount
D02667,2024-02-04,2024-03-25,rep_6,EdTech,APAC,Pro,Outbound,Proposal,2953,50,Won,1,2024,2,2024Q1,2024Q1,2024Q1,Small (<10K),Slow (45-80d),0.42786069651741293,Q4 (Bottom),0.5017753072712247,50.2,High Risk,Lead Source: Outbound,Review deal with manager + offer POC or discount
D01572,2024-02-17,2024-06-07,rep_5,HealthTech,Europe,Enterprise,Inbound,Qualified,6451,111,Won,1,2024,2,2024Q1,2024Q2,2024Q1,Small (<10K),Stalled (80d+),0.4577114427860697,Q2,0.50224028149366,50.2,High Risk,Long cycle: 111d | Lead Source: Inbound,Review deal with manager + offer POC or discount
D01411,2024-03-12,2024-05-01,rep_10,EdTech,India,Pro,Outbound,Closed,15744,50,Lost,0,2024,3,2024Q1,2024Q2,2024Q1,Mid (10-30K),Slow (45-80d),0.42408376963350786,Q4 (Bottom),0.5018836565405493,50.2,High Risk,Lead Source: Outbound,Review deal with manager + offer POC or discount
D03223,2024-02-15,2024-05-11,rep_14,FinTech,Europe,Enterprise,Inbound,Qualified,26499,86,Lost,0,2024,2,2024Q1,2024Q2,2024Q1,Mid (10-30K),Stalled (80d+),0.4396135265700483,Q4 (Bottom),0.5020261700657034,50.2,High Risk,Long cycle: 86d | Lead Source: Inbound,Review deal with manager + offer POC or discount
D00486,2024-02-20,2024-03-05,rep_5,EdTech,India,Enterprise,Outbound,Demo,8482,14,Lost,0,2024,2,2024Q1,2024Q1,2024Q1,Small (<10K),Fast (<20d),0.4577114427860697,Q2,0.500931932308268,50.1,High Risk,Lead Source: Outbound,Review deal with manager + offer POC or discount
D00297,2024-01-03,2024-02-01,rep_23,HealthTech,North America,Enterprise,Partner,Closed,4650,29,Lost,0,2024,1,2024Q1,2024Q1,2024Q1,Small (<10K),Normal (20-45d),0.44565217391304346,Q3,0.5004484164315668,50.0,High Risk,Lead Source: Partner,Review deal with manager + offer POC or discount
D02871,2024-01-16,2024-04-18,rep_25,FinTech,India,Pro,Inbound,Negotiation,16686,93,Lost,0,2024,1,2024Q1,2024Q2,2024Q1,Mid (10-30K),Stalled (80d+),0.45365853658536587,Q3,0.5004950600579396,50.0,High Risk,Long cycle: 93d | Lead Source: Inbound,Review deal with manager + offer POC or discount
D04873,2024-01-18,2024-02-22,rep_10,EdTech,Europe,Pro,Partner,Demo,15991,35,Won,1,2024,1,2024Q1,2024Q1,2024Q1,Mid (10-30K),Normal (20-45d),0.42408376963350786,Q4 (Bottom),0.5001414484720597,50.0,High Risk,Lead Source: Partner,Review deal with manager + offer POC or discount
D01684,2024-03-20,2024-04-07,rep_18,EdTech,North America,Pro,Partner,Negotiation,7767,18,Lost,0,2024,3,2024Q1,2024Q2,2024Q1,Small (<10K),Fast (<20d),0.40860215053763443,Q4 (Bottom),0.49986563251491,50.0,Medium Risk,Lead Source: Partner,Check in with buyer + clarify timeline and blockers
D01190,2024-01-26,2024-04-18,rep_8,FinTech,India,Core,Inbound,Proposal,3390,83,Lost,0,2024,1,2024Q1,2024Q2,2024Q1,Small (<10K),Stalled (80d+),0.48128342245989303,Q1 (Top),0.49898230083129147,49.9,Medium Risk,Long cycle: 83d | Lead Source: Inbound,Check in with buyer + clarify timeline and blockers
D02653,2024-01-07,2024-04-25,rep_1,EdTech,APAC,Core,Referral,Negotiation,16870,109,Won,1,2024,1,2024Q1,2024Q2,2024Q1,Mid (10-30K),Stalled (80d+),0.4549763033175355,Q2,0.49906779834385756,49.9,Medium Risk,Long cycle: 109d | Lead Source: Referral,Check in with buyer + clarify timeline and blockers
D02118,2024-03-12,2024-03-23,rep_4,FinTech,Europe,Enterprise,Referral,Proposal,7989,11,Lost,0,2024,3,2024Q1,2024Q1,2024Q1,Small (<10K),Fast (<20d),0.458128078817734,Q2,0.49859406224647673,49.9,Medium Risk,Lead Source: Referral,Check in with buyer + clarify timeline and blockers
D01685,2024-01-31,2024-04-26,rep_25,HealthTech,India,Pro,Outbound,Closed,18079,86,Lost,0,2024,1,2024Q1,2024Q2,2024Q1,Mid (10-30K),Stalled (80d+),0.45365853658536587,Q3,0.49813177728345603,49.8,Medium Risk,Long cycle: 86d | Lead Source: Outbound,Check in with buyer + clarify timeline and blockers
D02847,2024-02-05,2024-05-05,rep_16,FinTech,Europe,Core,Referral,Qualified,2921,90,Lost,0,2024,2,2024Q1,2024Q2,2024Q1,Small (<10K),Stalled (80d+),0.47085201793721976,Q1 (Top),0.49792848204527723,49.8,Medium Risk,Long cycle: 90d | Lead Source: Referral,Check in with buyer + clarify timeline and blockers
D02585,2024-01-25,2024-02-16,rep_11,HealthTech,APAC,Enterprise,Referral,Proposal,9930,22,Lost,0,2024,1,2024Q1,2024Q1,2024Q1,Small (<10K),Normal (20-45d),0.465,Q2,0.4977870110957646,49.8,Medium Risk,Lead Source: Referral,Check in with buyer + clarify timeline and blockers
D02957,2024-02-21,2024-04-27,rep_11,SaaS,APAC,Enterprise,Inbound,Closed,14880,66,Won,1,2024,2,2024Q1,2024Q2,2024Q1,Mid (10-30K),Slow (45-80d),0.465,Q2,0.4973110772013845,49.7,Medium Risk,Lead Source: Inbound,Check in with buyer + clarify timeline and blockers
D02360,2024-01-28,2024-05-07,rep_22,HealthTech,India,Core,Inbound,Demo,73345,100,Won,1,2024,1,2024Q1,2024Q2,2024Q1,Enterprise (60K+),Stalled (80d+),0.4009433962264151,Q4 (Bottom),0.49664842758573596,49.7,Medium Risk,"Long cycle: 100d | Large deal: $73,345 | Lead Source: Inbound",Check in with buyer + clarify timeline and blockers
D03245,2024-02-17,2024-05-04,rep_22,HealthTech,India,Enterprise,Referral,Demo,17446,77,Won,1,2024,2,2024Q1,2024Q2,2024Q1,Mid (10-30K),Slow (45-80d),0.4009433962264151,Q4 (Bottom),0.4972343201122597,49.7,Medium Risk,Long cycle: 77d | Lead Source: Referral,Check in with buyer + clarify timeline and blockers
D01504,2024-02-03,2024-05-21,rep_17,FinTech,North America,Enterprise,Outbound,Qualified,14479,108,Won,1,2024,2,2024Q1,2024Q2,2024Q1,Mid (10-30K),Stalled (80d+),0.44571428571428573,Q3,0.49614565060936167,49.6,Medium Risk,Long cycle: 108d | Lead Source: Outbound,Check in with buyer + clarify timeline and blockers
D03459,2024-02-23,2024-05-21,rep_14,SaaS,India,Core,Inbound,Negotiation,4200,88,Won,1,2024,2,2024Q1,2024Q2,2024Q1,Small (<10K),Stalled (80d+),0.4396135265700483,Q4 (Bottom),0.4962077774021622,49.6,Medium Risk,Long cycle: 88d | Lead Source: Inbound,Check in with buyer + clarify timeline and blockers
D01926,2024-02-17,2024-05-04,rep_7,EdTech,Europe,Enterprise,Inbound,Qualified,9731,77,Lost,0,2024,2,2024Q1,2024Q2,2024Q1,Small (<10K),Slow (45-80d),0.4166666666666667,Q4 (Bottom),0.49632295418177974,49.6,Medium Risk,Long cycle: 77d | Lead Source: Inbound,Check in with buyer + clarify timeline and blockers
D02921,2024-01-31,2024-04-02,rep_6,FinTech,North America,Pro,Outbound,Qualified,8361,62,Won,1,2024,1,2024Q1,2024Q2,2024Q1,Small (<10K),Slow (45-80d),0.42786069651741293,Q4 (Bottom),0.4949898598563467,49.5,Medium Risk,Lead Source: Outbound,Check in with buyer + clarify timeline and blockers
D00976,2024-01-17,2024-02-04,rep_15,SaaS,Europe,Pro,Partner,Closed,18465,18,Won,1,2024,1,2024Q1,2024Q1,2024Q1,Mid (10-30K),Fast (<20d),0.44571428571428573,Q3,0.49506271922692086,49.5,Medium Risk,Lead Source: Partner,Check in with buyer + clarify timeline and blockers
D02191,2024-01-18,2024-04-07,rep_17,Ecommerce,India,Enterprise,Partner,Proposal,23211,80,Lost,0,2024,1,2024Q1,2024Q2,2024Q1,Mid (10-30K),Slow (45-80d),0.44571428571428573,Q3,0.4937402245235992,49.4,Medium Risk,Long cycle: 80d | Lead Source: Partner,Check in with buyer + clarify timeline and blockers
D02201,2024-01-18,2024-02-02,rep_21,FinTech,India,Enterprise,Referral,Negotiation,21588,15,Won,1,2024,1,2024Q1,2024Q1,2024Q1,Mid (10-30K),Fast (<20d),0.5096153846153846,Q1 (Top),0.49326504061286025,49.3,Medium Risk,Lead Source: Referral,Check in with buyer + clarify timeline and blockers
D04275,2024-02-12,2024-05-11,rep_13,HealthTech,Europe,Core,Inbound,Closed,32792,89,Lost,0,2024,2,2024Q1,2024Q2,2024Q1,Large (30-60K),Stalled (80d+),0.441025641025641,Q4 (Bottom),0.4930865857999464,49.3,Medium Risk,Long cycle: 89d | Lead Source: Inbound,Check in with buyer + clarify timeline and blockers
D00697,2024-03-21,2024-04-23,rep_25,SaaS,India,Enterprise,Inbound,Negotiation,58289,33,Lost,0,2024,3,2024Q1,2024Q2,2024Q1,Large (30-60K),Normal (20-45d),0.45365853658536587,Q3,0.4919799889039471,49.2,Medium Risk,Lead Source: Inbound,Check in with buyer + clarify timeline and blockers
D02825,2024-03-11,2024-03-23,rep_21,EdTech,APAC,Enterprise,Outbound,Negotiation,6763,12,Lost,0,2024,3,2024Q1,2024Q1,2024Q1,Small (<10K),Fast (<20d),0.5096153846153846,Q1 (Top),0.49213423918837906,49.2,Medium Risk,Lead Source: Outbound,Check in with buyer + clarify timeline and blockers
D04632,2024-03-01,2024-03-20,rep_14,HealthTech,Europe,Core,Inbound,Qualified,10614,19,Lost,0,2024,3,2024Q1,2024Q1,2024Q1,Mid (10-30K),Fast (<20d),0.4396135265700483,Q4 (Bottom),0.4911497042399197,49.1,Medium Risk,Lead Source: Inbound,Check in with buyer + clarify timeline and blockers
D02844,2024-01-31,2024-04-24,rep_11,FinTech,Europe,Core,Inbound,Qualified,23113,84,Won,1,2024,1,2024Q1,2024Q2,2024Q1,Mid (10-30K),Stalled (80d+),0.465,Q2,0.49084636901414347,49.1,Medium Risk,Long cycle: 84d | Lead Source: Inbound,Check in with buyer + clarify timeline and blockers
D00358,2024-02-23,2024-03-29,rep_23,Ecommerce,North America,Core,Outbound,Proposal,17177,35,Lost,0,2024,2,2024Q1,2024Q1,2024Q1,Mid (10-30K),Normal (20-45d),0.44565217391304346,Q3,0.4911445600266277,49.1,Medium Risk,Lead Source: Outbound,Check in with buyer + clarify timeline and blockers
D03715,2024-01-24,2024-04-09,rep_3,HealthTech,North America,Enterprise,Partner,Negotiation,9240,76,Lost,0,2024,1,2024Q1,2024Q2,2024Q1,Small (<10K),Slow (45-80d),0.4722222222222222,Q1 (Top),0.4895357882355949,49.0,Medium Risk,Long cycle: 76d | Lead Source: Partner,Check in with buyer + clarify timeline and blockers
D00166,2024-01-11,2024-05-07,rep_4,EdTech,Europe,Pro,Inbound,Closed,68567,117,Won,1,2024,1,2024Q1,2024Q2,2024Q1,Enterprise (60K+),Stalled (80d+),0.458128078817734,Q2,0.4897708109179054,49.0,Medium Risk,"Long cycle: 117d | Large deal: $68,567 | Lead Source: Inbound",Check in with buyer + clarify timeline and blockers
D04739,2024-03-02,2024-04-02,rep_15,FinTech,APAC,Pro,Referral,Closed,4035,31,Lost,0,2024,3,2024Q1,2024Q2,2024Q1,Small (<10K),Normal (20-45d),0.44571428571428573,Q3,0.4885147092889669,48.9,Medium Risk,Lead Source: Referral,Check in with buyer + clarify timeline and blockers
D03045,2024-03-05,2024-05-14,rep_12,Ecommerce,Europe,Core,Inbound,Qualified,7601,70,Lost,0,2024,3,2024Q1,2024Q2,2024Q1,Small (<10K),Slow (45-80d),0.48333333333333334,Q1 (Top),0.48876618188088755,48.9,Medium Risk,Lead Source: Inbound,Check in with buyer + clarify timeline and blockers
D02565,2024-01-17,2024-01-24,rep_16,HealthTech,Europe,Enterprise,Referral,Proposal,38238,7,Won,1,2024,1,2024Q1,2024Q1,2024Q1,Large (30-60K),Fast (<20d),0.47085201793721976,Q1 (Top),0.4877034912782619,48.8,Medium Risk,Lead Source: Referral,Check in with buyer + clarify timeline and blockers
D02621,2024-03-11,2024-06-12,rep_25,FinTech,APAC,Enterprise,Inbound,Negotiation,15860,93,Lost,0,2024,3,2024Q1,2024Q2,2024Q1,Mid (10-30K),Stalled (80d+),0.45365853658536587,Q3,0.4877855839491272,48.8,Medium Risk,Long cycle: 93d | Lead Source: Inbound,Check in with buyer + clarify timeline and blockers
D01494,2024-02-29,2024-05-13,rep_5,FinTech,North America,Core,Referral,Demo,19614,74,Won,1,2024,2,2024Q1,2024Q2,2024Q1,Mid (10-30K),Slow (45-80d),0.4577114427860697,Q2,0.48785309922203346,48.8,Medium Risk,Lead Source: Referral,Check in with buyer + clarify timeline and blockers
D04334,2024-02-02,2024-04-10,rep_14,FinTech,India,Enterprise,Inbound,Closed,6233,68,Won,1,2024,2,2024Q1,2024Q2,2024Q1,Small (<10K),Slow (45-80d),0.4396135265700483,Q4 (Bottom),0.48822855142935706,48.8,Medium Risk,Lead Source: Inbound,Check in with buyer + clarify timeline and blockers
D00029,2024-01-03,2024-02-22,rep_2,FinTech,India,Pro,Inbound,Proposal,12325,50,Won,1,2024,1,2024Q1,2024Q1,2024Q1,Mid (10-30K),Slow (45-80d),0.46153846153846156,Q2,0.4874715370516241,48.7,Medium Risk,Lead Source: Inbound,Check in with buyer + clarify timeline and blockers
D02523,2024-01-24,2024-05-05,rep_17,EdTech,Europe,Core,Inbound,Proposal,6581,102,Won,1,2024,1,2024Q1,2024Q2,2024Q1,Small (<10K),Stalled (80d+),0.44571428571428573,Q3,0.4869017224094053,48.7,Medium Risk,Long cycle: 102d | Lead Source: Inbound,Check in with buyer + clarify timeline and blockers
D00613,2024-03-22,2024-05-08,rep_4,SaaS,APAC,Core,Inbound,Proposal,55580,47,Lost,0,2024,3,2024Q1,2024Q2,2024Q1,Large (30-60K),Slow (45-80d),0.458128078817734,Q2,0.4866422740124316,48.7,Medium Risk,Lead Source: Inbound,Check in with buyer + clarify timeline and blockers
D03738,2024-01-14,2024-02-04,rep_2,EdTech,North America,Enterprise,Outbound,Proposal,13277,21,Won,1,2024,1,2024Q1,2024Q1,2024Q1,Mid (10-30K),Normal (20-45d),0.46153846153846156,Q2,0.4862796383927755,48.6,Medium Risk,Lead Source: Outbound,Check in with buyer + clarify timeline and blockers
D00727,2024-03-05,2024-06-07,rep_10,FinTech,Europe,Enterprise,Inbound,Closed,47886,94,Won,1,2024,3,2024Q1,2024Q2,2024Q1,Large (30-60K),Stalled (80d+),0.42408376963350786,Q4 (Bottom),0.4857401401061049,48.6,Medium Risk,Long cycle: 94d | Lead Source: Inbound,Check in with buyer + clarify timeline and blockers
D04093,2024-02-10,2024-05-24,rep_13,HealthTech,Europe,Core,Inbound,Proposal,4360,104,Won,1,2024,2,2024Q1,2024Q2,2024Q1,Small (<10K),Stalled (80d+),0.441025641025641,Q4 (Bottom),0.48595803067015386,48.6,Medium Risk,Long cycle: 104d | Lead Source: Inbound,Check in with buyer + clarify timeline and blockers
D00186,2024-01-19,2024-05-16,rep_4,EdTech,APAC,Pro,Referral,Closed,59110,118,Lost,0,2024,1,2024Q1,2024Q2,2024Q1,Large (30-60K),Stalled (80d+),0.458128078817734,Q2,0.48637076257179485,48.6,Medium Risk,Long cycle: 118d | Lead Source: Referral,Check in with buyer + clarify timeline and blockers
D01826,2024-03-01,2024-04-10,rep_11,EdTech,India,Core,Outbound,Negotiation,15578,40,Lost,0,2024,3,2024Q1,2024Q2,2024Q1,Mid (10-30K),Normal (20-45d),0.465,Q2,0.48543807094532765,48.5,Medium Risk,Lead Source: Outbound,Check in with buyer + clarify timeline and blockers
D03141,2024-02-15,2024-03-16,rep_22,Ecommerce,India,Pro,Inbound,Proposal,5473,30,Lost,0,2024,2,2024Q1,2024Q1,2024Q1,Small (<10K),Normal (20-45d),0.4009433962264151,Q4 (Bottom),0.484568118517552,48.5,Medium Risk,Lead Source: Inbound,Check in with buyer + clarify timeline and blockers
D02579,2024-03-03,2024-06-20,rep_12,SaaS,Europe,Core,Outbound,Demo,39562,109,Won,1,2024,3,2024Q1,2024Q2,2024Q1,Large (30-60K),Stalled (80d+),0.48333333333333334,Q1 (Top),0.4853033502155894,48.5,Medium Risk,Long cycle: 109d | Lead Source: Outbound,Check in with buyer + clarify timeline and blockers
D01475,2024-01-13,2024-04-26,rep_2,FinTech,North America,Enterprise,Inbound,Qualified,19163,104,Won,1,2024,1,2024Q1,2024Q2,2024Q1,Mid (10-30K),Stalled (80d+),0.46153846153846156,Q2,0.48542627284880735,48.5,Medium Risk,Long cycle: 104d | Lead Source: Inbound,Check in with buyer + clarify timeline and blockers
D01744,2024-02-29,2024-05-02,rep_18,HealthTech,Europe,Core,Inbound,Closed,4915,63,Lost,0,2024,2,2024Q1,2024Q2,2024Q1,Small (<10K),Slow (45-80d),0.40860215053763443,Q4 (Bottom),0.4851241831418065,48.5,Medium Risk,Lead Source: Inbound,Check in with buyer + clarify timeline and blockers
D01144,2024-01-05,2024-02-02,rep_7,EdTech,North America,Pro,Inbound,Negotiation,7378,28,Won,1,2024,1,2024Q1,2024Q1,2024Q1,Small (<10K),Normal (20-45d),0.4166666666666667,Q4 (Bottom),0.48371386150683254,48.4,Medium Risk,Lead Source: Inbound,Check in with buyer + clarify timeline and blockers
D00820,2024-01-02,2024-01-12,rep_22,Ecommerce,North America,Enterprise,Outbound,Proposal,4674,10,Won,1,2024,1,2024Q1,2024Q1,2024Q1,Small (<10K),Fast (<20d),0.4009433962264151,Q4 (Bottom),0.4841421917600165,48.4,Medium Risk,Lead Source: Outbound,Check in with buyer + clarify timeline and blockers
D03665,2024-03-11,2024-07-06,rep_19,SaaS,APAC,Core,Partner,Proposal,7175,117,Lost,0,2024,3,2024Q1,2024Q3,2024Q1,Small (<10K),Stalled (80d+),0.47959183673469385,Q1 (Top),0.4835561399920657,48.4,Medium Risk,Long cycle: 117d | Lead Source: Partner,Check in with buyer + clarify timeline and blockers
D00293,2024-02-19,2024-04-26,rep_22,HealthTech,APAC,Enterprise,Inbound,Demo,6784,67,Lost,0,2024,2,2024Q1,2024Q2,2024Q1,Small (<10K),Slow (45-80d),0.4009433962264151,Q4 (Bottom),0.48356613231954915,48.4,Medium Risk,Lead Source: Inbound,Check in with buyer + clarify timeline and blockers
D03992,2024-01-18,2024-04-27,rep_21,EdTech,Europe,Enterprise,Inbound,Negotiation,99408,100,Won,1,2024,1,2024Q1,2024Q2,2024Q1,Enterprise (60K+),Stalled (80d+),0.5096153846153846,Q1 (Top),0.4838744673225042,48.4,Medium Risk,"Long cycle: 100d | Large deal: $99,408 | Lead Source: Inbound",Check in with buyer + clarify timeline and blockers
D04341,2024-01-19,2024-02-18,rep_6,Ecommerce,APAC,Core,Partner,Negotiation,4615,30,Won,1,2024,1,2024Q1,2024Q1,2024Q1,Small (<10K),Normal (20-45d),0.42786069651741293,Q4 (Bottom),0.48282468432388864,48.3,Medium Risk,Lead Source: Partner,Check in with buyer + clarify timeline and blockers
D04130,2024-03-18,2024-05-01,rep_2,HealthTech,North America,Pro,Partner,Qualified,22008,44,Won,1,2024,3,2024Q1,2024Q2,2024Q1,Mid (10-30K),Normal (20-45d),0.46153846153846156,Q2,0.4831521330753207,48.3,Medium Risk,Lead Source: Partner,Check in with buyer + clarify timeline and blockers
D03565,2024-02-18,2024-04-03,rep_24,Ecommerce,North America,Enterprise,Inbound,Demo,16713,45,Lost,0,2024,2,2024Q1,2024Q2,2024Q1,Mid (10-30K),Normal (20-45d),0.4482758620689655,Q3,0.4828142897256089,48.3,Medium Risk,Lead Source: Inbound,Check in with buyer + clarify timeline and blockers
D02414,2024-03-06,2024-04-21,rep_23,SaaS,Europe,Pro,Partner,Qualified,2322,46,Lost,0,2024,3,2024Q1,2024Q2,2024Q1,Small (<10K),Slow (45-80d),0.44565217391304346,Q3,0.48203551023690727,48.2,Medium Risk,Lead Source: Partner,Check in with buyer + clarify timeline and blockers
D01276,2024-03-11,2024-04-19,rep_6,FinTech,Europe,Enterprise,Partner,Proposal,16526,39,Won,1,2024,3,2024Q1,2024Q2,2024Q1,Mid (10-30K),Normal (20-45d),0.42786069651741293,Q4 (Bottom),0.48231614907728465,48.2,Medium Risk,Lead Source: Partner,Check in with buyer + clarify timeline and blockers
D04231,2024-02-28,2024-04-17,rep_21,Ecommerce,Europe,Enterprise,Referral,Proposal,4782,49,Lost,0,2024,2,2024Q1,2024Q2,2024Q1,Small (<10K),Slow (45-80d),0.5096153846153846,Q1 (Top),0.48226063202165287,48.2,Medium Risk,Lead Source: Referral,Check in with buyer + clarify timeline and blockers
D00196,2024-01-17,2024-02-20,rep_18,FinTech,North America,Pro,Inbound,Qualified,65158,34,Lost,0,2024,1,2024Q1,2024Q1,2024Q1,Enterprise (60K+),Normal (20-45d),0.40860215053763443,Q4 (Bottom),0.48192576538000204,48.2,Medium Risk,"Large deal: $65,158 | Lead Source: Inbound",Check in with buyer + clarify timeline and blockers
D02193,2024-02-16,2024-03-09,rep_3,Ecommerce,India,Core,Inbound,Negotiation,6448,22,Won,1,2024,2,2024Q1,2024Q1,2024Q1,Small (<10K),Normal (20-45d),0.4722222222222222,Q1 (Top),0.48141305247755384,48.1,Medium Risk,Lead Source: Inbound,Check in with buyer + clarify timeline and blockers
D02680,2024-02-12,2024-03-01,rep_5,Ecommerce,India,Core,Partner,Demo,4749,18,Lost,0,2024,2,2024Q1,2024Q1,2024Q1,Small (<10K),Fast (<20d),0.4577114427860697,Q2,0.48119779576999433,48.1,Medium Risk,Lead Source: Partner,Check in with buyer + clarify timeline and blockers
D03624,2024-02-19,2024-04-27,rep_4,HealthTech,India,Enterprise,Partner,Closed,6499,68,Lost,0,2024,2,2024Q1,2024Q2,2024Q1,Small (<10K),Slow (45-80d),0.458128078817734,Q2,0.48017389245799835,48.0,Medium Risk,Lead Source: Partner,Check in with buyer + clarify timeline and blockers
D01557,2024-01-23,2024-04-01,rep_10,SaaS,North America,Enterprise,Inbound,Demo,4353,69,Lost,0,2024,1,2024Q1,2024Q2,2024Q1,Small (<10K),Slow (45-80d),0.42408376963350786,Q4 (Bottom),0.4767853263368755,47.7,Medium Risk,Lead Source: Inbound,Check in with buyer + clarify timeline and blockers
D03577,2024-03-07,2024-05-22,rep_9,FinTech,North America,Core,Partner,Qualified,4607,76,Lost,0,2024,3,2024Q1,2024Q2,2024Q1,Small (<10K),Slow (45-80d),0.44623655913978494,Q3,0.47679390510404573,47.7,Medium Risk,Long cycle: 76d | Lead Source: Partner,Check in with buyer + clarify timeline and blockers
D02889,2024-03-19,2024-05-05,rep_15,EdTech,Europe,Core,Inbound,Demo,2836,47,Lost,0,2024,3,2024Q1,2024Q2,2024Q1,Small (<10K),Slow (45-80d),0.44571428571428573,Q3,0.4772080965868429,47.7,Medium Risk,Lead Source: Inbound,Check in with buyer + clarify timeline and blockers
D04896,2024-02-05,2024-03-17,rep_6,FinTech,North America,Core,Inbound,Demo,52920,41,Lost,0,2024,2,2024Q1,2024Q1,2024Q1,Large (30-60K),Normal (20-45d),0.42786069651741293,Q4 (Bottom),0.4771686887755985,47.7,Medium Risk,Lead Source: Inbound,Check in with buyer + clarify timeline and blockers
D01026,2024-03-04,2024-04-13,rep_15,FinTech,APAC,Pro,Outbound,Qualified,15581,40,Lost,0,2024,3,2024Q1,2024Q2,2024Q1,Mid (10-30K),Normal (20-45d),0.44571428571428573,Q3,0.4757170859264509,47.6,Medium Risk,Lead Source: Outbound,Check in with buyer + clarify timeline and blockers
D03654,2024-01-30,2024-03-19,rep_24,SaaS,North America,Core,Inbound,Qualified,10089,49,Won,1,2024,1,2024Q1,2024Q1,2024Q1,Mid (10-30K),Slow (45-80d),0.4482758620689655,Q3,0.4757315811341682,47.6,Medium Risk,Lead Source: Inbound,Check in with buyer + clarify timeline and blockers
D04530,2024-03-25,2024-05-23,rep_17,SaaS,APAC,Core,Inbound,Closed,2324,59,Lost,0,2024,3,2024Q1,2024Q2,2024Q1,Small (<10K),Slow (45-80d),0.44571428571428573,Q3,0.47615992246130073,47.6,Medium Risk,Lead Source: Inbound,Check in with buyer + clarify timeline and blockers
D00490,2024-01-27,2024-03-14,rep_5,HealthTech,North America,Core,Outbound,Proposal,14737,47,Lost,0,2024,1,2024Q1,2024Q1,2024Q1,Mid (10-30K),Slow (45-80d),0.4577114427860697,Q2,0.4764979698572478,47.6,Medium Risk,Lead Source: Outbound,Check in with buyer + clarify timeline and blockers
D01756,2024-02-22,2024-03-04,rep_22,SaaS,India,Pro,Inbound,Proposal,30313,11,Lost,0,2024,2,2024Q1,2024Q1,2024Q1,Large (30-60K),Fast (<20d),0.4009433962264151,Q4 (Bottom),0.47480248564726374,47.5,Medium Risk,Lead Source: Inbound,Check in with buyer + clarify timeline and blockers
D02681,2024-01-15,2024-04-15,rep_1,FinTech,APAC,Core,Inbound,Negotiation,33070,91,Lost,0,2024,1,2024Q1,2024Q2,2024Q1,Large (30-60K),Stalled (80d+),0.4549763033175355,Q2,0.4741256224701411,47.4,Medium Risk,Long cycle: 91d | Lead Source: Inbound,Check in with buyer + clarify timeline and blockers
D03895,2024-03-09,2024-05-23,rep_14,Ecommerce,North America,Enterprise,Inbound,Negotiation,15234,75,Lost,0,2024,3,2024Q1,2024Q2,2024Q1,Mid (10-30K),Slow (45-80d),0.4396135265700483,Q4 (Bottom),0.47394324171275554,47.4,Medium Risk,Lead Source: Inbound,Check in with buyer + clarify timeline and blockers
D01865,2024-01-27,2024-02-24,rep_15,HealthTech,APAC,Enterprise,Outbound,Proposal,4899,28,Lost,0,2024,1,2024Q1,2024Q1,2024Q1,Small (<10K),Normal (20-45d),0.44571428571428573,Q3,0.4731615986703232,47.3,Medium Risk,Lead Source: Outbound,Check in with buyer + clarify timeline and blockers
D04565,2024-02-03,2024-05-25,rep_22,EdTech,APAC,Pro,Inbound,Negotiation,15390,112,Lost,0,2024,2,2024Q1,2024Q2,2024Q1,Mid (10-30K),Stalled (80d+),0.4009433962264151,Q4 (Bottom),0.47281719580240195,47.3,Medium Risk,Long cycle: 112d | Lead Source: Inbound,Check in with buyer + clarify timeline and blockers
D02570,2024-02-16,2024-04-14,rep_1,EdTech,North America,Enterprise,Partner,Closed,25460,58,Lost,0,2024,2,2024Q1,2024Q2,2024Q1,Mid (10-30K),Slow (45-80d),0.4549763033175355,Q2,0.47198306659804007,47.2,Medium Risk,Lead Source: Partner,Check in with buyer + clarify timeline and blockers
D01705,2024-02-17,2024-04-03,rep_11,FinTech,Europe,Pro,Referral,Proposal,2677,46,Lost,0,2024,2,2024Q1,2024Q2,2024Q1,Small (<10K),Slow (45-80d),0.465,Q2,0.4711847258006303,47.1,Medium Risk,Lead Source: Referral,Check in with buyer + clarify timeline and blockers
D04959,2024-03-10,2024-04-27,rep_7,HealthTech,Europe,Pro,Inbound,Proposal,5247,48,Lost,0,2024,3,2024Q1,2024Q2,2024Q1,Small (<10K),Slow (45-80d),0.4166666666666667,Q4 (Bottom),0.47147196234866356,47.1,Medium Risk,Lead Source: Inbound,Check in with buyer + clarify timeline and blockers
D04258,2024-01-07,2024-01-27,rep_15,Ecommerce,APAC,Enterprise,Partner,Proposal,8998,20,Lost,0,2024,1,2024Q1,2024Q1,2024Q1,Small (<10K),Fast (<20d),0.44571428571428573,Q3,0.4705042508984906,47.1,Medium Risk,Lead Source: Partner,Check in with buyer + clarify timeline and blockers
D04747,2024-03-05,2024-03-26,rep_6,SaaS,Europe,Enterprise,Outbound,Demo,9300,21,Won,1,2024,3,2024Q1,2024Q1,2024Q1,Small (<10K),Normal (20-45d),0.42786069651741293,Q4 (Bottom),0.46954069237916046,47.0,Medium Risk,Lead Source: Outbound,Check in with buyer + clarify timeline and blockers
D04455,2024-02-04,2024-02-27,rep_11,HealthTech,Europe,Enterprise,Referral,Negotiation,66671,23,Lost,0,2024,2,2024Q1,2024Q1,2024Q1,Enterprise (60K+),Normal (20-45d),0.465,Q2,0.4703895065833953,47.0,Medium Risk,"Large deal: $66,671 | Lead Source: Referral",Check in with buyer + clarify timeline and blockers
D03941,2024-01-18,2024-02-11,rep_17,SaaS,North America,Enterprise,Partner,Qualified,10374,24,Lost,0,2024,1,2024Q1,2024Q1,2024Q1,Mid (10-30K),Normal (20-45d),0.44571428571428573,Q3,0.4704740011488363,47.0,Medium Risk,Lead Source: Partner,Check in with buyer + clarify timeline and blockers
D00708,2024-01-01,2024-02-25,rep_7,EdTech,India,Core,Outbound,Closed,62971,55,Lost,0,2024,1,2024Q1,2024Q1,2024Q1,Enterprise (60K+),Slow (45-80d),0.4166666666666667,Q4 (Bottom),0.46997919245509545,47.0,Medium Risk,"Large deal: $62,971 | Lead Source: Outbound",Check in with buyer + clarify timeline and blockers
D00163,2024-03-07,2024-05-25,rep_9,HealthTech,India,Enterprise,Inbound,Closed,25958,79,Won,1,2024,3,2024Q1,2024Q2,2024Q1,Mid (10-30K),Slow (45-80d),0.44623655913978494,Q3,0.4701222889894423,47.0,Medium Risk,Long cycle: 79d | Lead Source: Inbound,Check in with buyer + clarify timeline and blockers
D02959,2024-03-03,2024-03-20,rep_16,EdTech,Europe,Enterprise,Inbound,Demo,15798,17,Lost,0,2024,3,2024Q1,2024Q1,2024Q1,Mid (10-30K),Fast (<20d),0.47085201793721976,Q1 (Top),0.46907236046118617,46.9,Medium Risk,Lead Source: Inbound,Check in with buyer + clarify timeline and blockers
D04732,2024-01-24,2024-04-05,rep_17,SaaS,APAC,Pro,Inbound,Negotiation,8093,72,Won,1,2024,1,2024Q1,2024Q2,2024Q1,Small (<10K),Slow (45-80d),0.44571428571428573,Q3,0.46909201298088843,46.9,Medium Risk,Lead Source: Inbound,Check in with buyer + clarify timeline and blockers
D01280,2024-01-04,2024-02-13,rep_22,FinTech,APAC,Enterprise,Inbound,Negotiation,6004,40,Lost,0,2024,1,2024Q1,2024Q1,2024Q1,Small (<10K),Normal (20-45d),0.4009433962264151,Q4 (Bottom),0.4688483433898364,46.9,Medium Risk,Lead Source: Inbound,Check in with buyer + clarify timeline and blockers
D00170,2024-03-09,2024-03-29,rep_2,Ecommerce,North America,Enterprise,Outbound,Proposal,19919,20,Won,1,2024,3,2024Q1,2024Q1,2024Q1,Mid (10-30K),Fast (<20d),0.46153846153846156,Q2,0.4679441258885063,46.8,Medium Risk,Lead Source: Outbound,Check in with buyer + clarify timeline and blockers
D04945,2024-02-07,2024-04-09,rep_24,EdTech,India,Core,Partner,Demo,94065,62,Lost,0,2024,2,2024Q1,2024Q2,2024Q1,Enterprise (60K+),Slow (45-80d),0.4482758620689655,Q3,0.46760149339444546,46.8,Medium Risk,"Large deal: $94,065 | Lead Source: Partner",Check in with buyer + clarify timeline and blockers
D00923,2024-02-26,2024-03-05,rep_20,HealthTech,APAC,Enterprise,Partner,Closed,30198,8,Lost,0,2024,2,2024Q1,2024Q1,2024Q1,Large (30-60K),Fast (<20d),0.46956521739130436,Q2,0.46794132710800534,46.8,Medium Risk,Lead Source: Partner,Check in with buyer + clarify timeline and blockers
D03905,2024-03-06,2024-07-01,rep_14,Ecommerce,North America,Enterprise,Outbound,Demo,7284,117,Won,1,2024,3,2024Q1,2024Q3,2024Q1,Small (<10K),Stalled (80d+),0.4396135265700483,Q4 (Bottom),0.467554746047921,46.8,Medium Risk,Long cycle: 117d | Lead Source: Outbound,Check in with buyer + clarify timeline and blockers
D04608,2024-02-03,2024-06-02,rep_4,Ecommerce,APAC,Pro,Inbound,Demo,18456,120,Won,1,2024,2,2024Q1,2024Q2,2024Q1,Mid (10-30K),Stalled (80d+),0.458128078817734,Q2,0.46793898862769295,46.8,Medium Risk,Long cycle: 120d | Lead Source: Inbound,Check in with buyer + clarify timeline and blockers
D04888,2024-01-17,2024-03-31,rep_9,EdTech,North America,Enterprise,Outbound,Closed,4670,74,Lost,0,2024,1,2024Q1,2024Q1,2024Q1,Small (<10K),Slow (45-80d),0.44623655913978494,Q3,0.4666027520077438,46.7,Medium Risk,Lead Source: Outbound,Check in with buyer + clarify timeline and blockers
D02781,2024-03-04,2024-04-11,rep_24,HealthTech,Europe,Pro,Outbound,Closed,28876,38,Won,1,2024,3,2024Q1,2024Q2,2024Q1,Mid (10-30K),Normal (20-45d),0.4482758620689655,Q3,0.4642469278574716,46.4,Medium Risk,Lead Source: Outbound,Check in with buyer + clarify timeline and blockers
D01658,2024-01-25,2024-04-09,rep_23,Ecommerce,Europe,Core,Inbound,Negotiation,17647,75,Won,1,2024,1,2024Q1,2024Q2,2024Q1,Mid (10-30K),Slow (45-80d),0.44565217391304346,Q3,0.46385638122813705,46.4,Medium Risk,Lead Source: Inbound,Check in with buyer + clarify timeline and blockers
D04067,2024-02-12,2024-03-18,rep_17,FinTech,Europe,Pro,Inbound,Qualified,18014,35,Won,1,2024,2,2024Q1,2024Q1,2024Q1,Mid (10-30K),Normal (20-45d),0.44571428571428573,Q3,0.4630234038020326,46.3,Medium Risk,Lead Source: Inbound,Check in with buyer + clarify timeline and blockers
D03440,2024-02-09,2024-02-28,rep_25,FinTech,Europe,Core,Outbound,Negotiation,13424,19,Won,1,2024,2,2024Q1,2024Q1,2024Q1,Mid (10-30K),Fast (<20d),0.45365853658536587,Q3,0.46295199215962585,46.3,Medium Risk,Lead Source: Outbound,Check in with buyer + clarify timeline and blockers
D01220,2024-01-23,2024-04-10,rep_3,SaaS,India,Pro,Outbound,Qualified,5260,78,Lost,0,2024,1,2024Q1,2024Q2,2024Q1,Small (<10K),Slow (45-80d),0.4722222222222222,Q1 (Top),0.46299226221113415,46.3,Medium Risk,Long cycle: 78d | Lead Source: Outbound,Check in with buyer + clarify timeline and blockers
D02588,2024-03-04,2024-03-15,rep_6,EdTech,Europe,Core,Partner,Demo,82311,11,Won,1,2024,3,2024Q1,2024Q1,2024Q1,Enterprise (60K+),Fast (<20d),0.42786069651741293,Q4 (Bottom),0.4618832703431517,46.2,Medium Risk,"Large deal: $82,311 | Lead Source: Partner",Check in with buyer + clarify timeline and blockers
D00387,2024-03-11,2024-06-22,rep_22,FinTech,APAC,Core,Outbound,Proposal,6496,103,Lost,0,2024,3,2024Q1,2024Q2,2024Q1,Small (<10K),Stalled (80d+),0.4009433962264151,Q4 (Bottom),0.4620544368457205,46.2,Medium Risk,Long cycle: 103d | Lead Source: Outbound,Check in with buyer + clarify timeline and blockers
D01764,2024-02-02,2024-03-20,rep_14,HealthTech,India,Core,Inbound,Closed,19770,47,Lost,0,2024,2,2024Q1,2024Q1,2024Q1,Mid (10-30K),Slow (45-80d),0.4396135265700483,Q4 (Bottom),0.46172970704577265,46.2,Medium Risk,Lead Source: Inbound,Check in with buyer + clarify timeline and blockers
D04871,2024-03-07,2024-04-12,rep_1,SaaS,India,Pro,Outbound,Qualified,66518,36,Lost,0,2024,3,2024Q1,2024Q2,2024Q1,Enterprise (60K+),Normal (20-45d),0.4549763033175355,Q2,0.4611639980785693,46.1,Medium Risk,"Large deal: $66,518 | Lead Source: Outbound",Check in with buyer + clarify timeline and blockers
D01432,2024-01-17,2024-02-22,rep_21,EdTech,Europe,Core,Inbound,Proposal,17133,36,Lost,0,2024,1,2024Q1,2024Q1,2024Q1,Mid (10-30K),Normal (20-45d),0.5096153846153846,Q1 (Top),0.4600430540605812,46.0,Medium Risk,Lead Source: Inbound,Check in with buyer + clarify timeline and blockers
D01476,2024-03-17,2024-07-05,rep_3,FinTech,Europe,Pro,Inbound,Closed,41616,110,Lost,0,2024,3,2024Q1,2024Q3,2024Q1,Large (30-60K),Stalled (80d+),0.4722222222222222,Q1 (Top),0.4599841118630423,46.0,Medium Risk,Long cycle: 110d | Lead Source: Inbound,Check in with buyer + clarify timeline and blockers
D01497,2024-01-24,2024-03-12,rep_24,SaaS,North America,Core,Outbound,Closed,15564,48,Lost,0,2024,1,2024Q1,2024Q1,2024Q1,Mid (10-30K),Slow (45-80d),0.4482758620689655,Q3,0.45913430817029355,45.9,Medium Risk,Lead Source: Outbound,Check in with buyer + clarify timeline and blockers
D04260,2024-01-29,2024-04-07,rep_19,HealthTech,India,Enterprise,Partner,Closed,96429,69,Lost,0,2024,1,2024Q1,2024Q2,2024Q1,Enterprise (60K+),Slow (45-80d),0.47959183673469385,Q1 (Top),0.4586871821307548,45.9,Medium Risk,"Large deal: $96,429 | Lead Source: Partner",Check in with buyer + clarify timeline and blockers
D04528,2024-01-10,2024-02-22,rep_8,HealthTech,Europe,Enterprise,Inbound,Demo,94700,43,Won,1,2024,1,2024Q1,2024Q1,2024Q1,Enterprise (60K+),Normal (20-45d),0.48128342245989303,Q1 (Top),0.45945748495225586,45.9,Medium Risk,"Large deal: $94,700 | Lead Source: Inbound",Check in with buyer + clarify timeline and blockers
D01467,2024-03-02,2024-03-29,rep_6,Ecommerce,North America,Core,Outbound,Closed,2062,27,Lost,0,2024,3,2024Q1,2024Q1,2024Q1,Small (<10K),Normal (20-45d),0.42786069651741293,Q4 (Bottom),0.45835563803187546,45.8,Medium Risk,Lead Source: Outbound,Check in with buyer + clarify timeline and blockers
D01577,2024-01-09,2024-01-29,rep_6,FinTech,India,Enterprise,Outbound,Negotiation,6500,20,Won,1,2024,1,2024Q1,2024Q1,2024Q1,Small (<10K),Fast (<20d),0.42786069651741293,Q4 (Bottom),0.4581995847236069,45.8,Medium Risk,Lead Source: Outbound,Check in with buyer + clarify timeline and blockers
D03260,2024-02-21,2024-05-06,rep_12,FinTech,North America,Core,Outbound,Closed,11988,75,Won,1,2024,2,2024Q1,2024Q2,2024Q1,Mid (10-30K),Slow (45-80d),0.48333333333333334,Q1 (Top),0.4571073692611678,45.7,Medium Risk,Lead Source: Outbound,Check in with buyer + clarify timeline and blockers
D02887,2024-02-08,2024-03-23,rep_3,EdTech,India,Enterprise,Referral,Qualified,14912,44,Lost,0,2024,2,2024Q1,2024Q1,2024Q1,Mid (10-30K),Normal (20-45d),0.4722222222222222,Q1 (Top),0.45721239100821087,45.7,Medium Risk,Lead Source: Referral,Check in with buyer + clarify timeline and blockers
D04298,2024-03-17,2024-05-14,rep_24,EdTech,North America,Core,Outbound,Closed,17912,58,Won,1,2024,3,2024Q1,2024Q2,2024Q1,Mid (10-30K),Slow (45-80d),0.4482758620689655,Q3,0.4569791032842486,45.7,Medium Risk,Lead Source: Outbound,Check in with buyer + clarify timeline and blockers
D04243,2024-02-07,2024-06-05,rep_6,SaaS,Europe,Enterprise,Referral,Negotiation,19122,119,Lost,0,2024,2,2024Q1,2024Q2,2024Q1,Mid (10-30K),Stalled (80d+),0.42786069651741293,Q4 (Bottom),0.45682696814150153,45.7,Medium Risk,Long cycle: 119d | Lead Source: Referral,Check in with buyer + clarify timeline and blockers
D03499,2024-03-01,2024-05-24,rep_3,SaaS,APAC,Pro,Referral,Closed,63753,84,Won,1,2024,3,2024Q1,2024Q2,2024Q1,Enterprise (60K+),Stalled (80d+),0.4722222222222222,Q1 (Top),0.45598328408987243,45.6,Medium Risk,"Long cycle: 84d | Large deal: $63,753 | Lead Source: Referral",Check in with buyer + clarify timeline and blockers
D03154,2024-02-19,2024-04-07,rep_7,SaaS,APAC,Core,Outbound,Demo,60757,48,Won,1,2024,2,2024Q1,2024Q2,2024Q1,Enterprise (60K+),Slow (45-80d),0.4166666666666667,Q4 (Bottom),0.4563341190884119,45.6,Medium Risk,"Large deal: $60,757 | Lead Source: Outbound",Check in with buyer + clarify timeline and blockers
D02032,2024-02-26,2024-03-25,rep_19,Ecommerce,APAC,Enterprise,Partner,Demo,17059,28,Lost,0,2024,2,2024Q1,2024Q1,2024Q1,Mid (10-30K),Normal (20-45d),0.47959183673469385,Q1 (Top),0.4564949386122572,45.6,Medium Risk,Lead Source: Partner,Check in with buyer + clarify timeline and blockers
D02803,2024-03-22,2024-05-21,rep_13,SaaS,India,Enterprise,Partner,Closed,10031,60,Lost,0,2024,3,2024Q1,2024Q2,2024Q1,Mid (10-30K),Slow (45-80d),0.441025641025641,Q4 (Bottom),0.45608934130289774,45.6,Medium Risk,Lead Source: Partner,Check in with buyer + clarify timeline and blockers
D03308,2024-01-07,2024-02-16,rep_12,Ecommerce,North America,Core,Referral,Closed,66444,40,Won,1,2024,1,2024Q1,2024Q1,2024Q1,Enterprise (60K+),Normal (20-45d),0.48333333333333334,Q1 (Top),0.4548677045165165,45.5,Medium Risk,"Large deal: $66,444 | Lead Source: Referral",Check in with buyer + clarify timeline and blockers
D03051,2024-01-07,2024-01-27,rep_18,Ecommerce,Europe,Pro,Outbound,Qualified,19441,20,Lost,0,2024,1,2024Q1,2024Q1,2024Q1,Mid (10-30K),Fast (<20d),0.40860215053763443,Q4 (Bottom),0.4552592604665712,45.5,Medium Risk,Lead Source: Outbound,Check in with buyer + clarify timeline and blockers
D00227,2024-02-03,2024-02-20,rep_22,Ecommerce,Europe,Core,Partner,Demo,94967,17,Lost,0,2024,2,2024Q1,2024Q1,2024Q1,Enterprise (60K+),Fast (<20d),0.4009433962264151,Q4 (Bottom),0.4552782392436389,45.5,Medium Risk,"Large deal: $94,967 | Lead Source: Partner",Check in with buyer + clarify timeline and blockers
D04349,2024-01-06,2024-02-28,rep_8,SaaS,North America,Core,Partner,Qualified,3942,53,Lost,0,2024,1,2024Q1,2024Q1,2024Q1,Small (<10K),Slow (45-80d),0.48128342245989303,Q1 (Top),0.4542002481754876,45.4,Medium Risk,Lead Source: Partner,Check in with buyer + clarify timeline and blockers
D04646,2024-01-21,2024-05-19,rep_12,FinTech,Europe,Pro,Outbound,Proposal,17755,119,Lost,0,2024,1,2024Q1,2024Q2,2024Q1,Mid (10-30K),Stalled (80d+),0.48333333333333334,Q1 (Top),0.4540714560561305,45.4,Medium Risk,Long cycle: 119d | Lead Source: Outbound,Check in with buyer + clarify timeline and blockers
D04489,2024-03-07,2024-07-05,rep_13,EdTech,North America,Pro,Referral,Demo,7389,120,Lost,0,2024,3,2024Q1,2024Q3,2024Q1,Small (<10K),Stalled (80d+),0.441025641025641,Q4 (Bottom),0.4536568992728307,45.4,Medium Risk,Long cycle: 120d | Lead Source: Referral,Check in with buyer + clarify timeline and blockers
D03290,2024-03-24,2024-06-22,rep_4,FinTech,North America,Enterprise,Inbound,Proposal,10022,90,Lost,0,2024,3,2024Q1,2024Q2,2024Q1,Mid (10-30K),Stalled (80d+),0.458128078817734,Q2,0.45210862541853664,45.2,Medium Risk,Long cycle: 90d | Lead Source: Inbound,Check in with buyer + clarify timeline and blockers
D00779,2024-01-22,2024-02-11,rep_7,SaaS,North America,Pro,Inbound,Proposal,4670,20,Lost,0,2024,1,2024Q1,2024Q1,2024Q1,Small (<10K),Fast (<20d),0.4166666666666667,Q4 (Bottom),0.45163714106997765,45.2,Medium Risk,Lead Source: Inbound,Check in with buyer + clarify timeline and blockers
D01228,2024-03-20,2024-06-25,rep_19,EdTech,North America,Enterprise,Referral,Proposal,28573,97,Won,1,2024,3,2024Q1,2024Q2,2024Q1,Mid (10-30K),Stalled (80d+),0.47959183673469385,Q1 (Top),0.452029007413341,45.2,Medium Risk,Long cycle: 97d | Lead Source: Referral,Check in with buyer + clarify timeline and blockers
D03776,2024-03-03,2024-06-16,rep_9,FinTech,APAC,Core,Referral,Proposal,2717,105,Won,1,2024,3,2024Q1,2024Q2,2024Q1,Small (<10K),Stalled (80d+),0.44623655913978494,Q3,0.4516201622270079,45.2,Medium Risk,Long cycle: 105d | Lead Source: Referral,Check in with buyer + clarify timeline and blockers
D00334,2024-03-20,2024-06-22,rep_7,EdTech,India,Enterprise,Referral,Demo,4444,94,Won,1,2024,3,2024Q1,2024Q2,2024Q1,Small (<10K),Stalled (80d+),0.4166666666666667,Q4 (Bottom),0.45203567199151845,45.2,Medium Risk,Long cycle: 94d | Lead Source: Referral,Check in with buyer + clarify timeline and blockers
D00717,2024-01-12,2024-02-23,rep_18,FinTech,North America,Core,Inbound,Proposal,23251,42,Lost,0,2024,1,2024Q1,2024Q1,2024Q1,Mid (10-30K),Normal (20-45d),0.40860215053763443,Q4 (Bottom),0.4503107939982392,45.0,Medium Risk,Lead Source: Inbound,Check in with buyer + clarify timeline and blockers
D03779,2024-02-29,2024-04-30,rep_8,SaaS,India,Pro,Outbound,Negotiation,6939,61,Won,1,2024,2,2024Q1,2024Q2,2024Q1,Small (<10K),Slow (45-80d),0.48128342245989303,Q1 (Top),0.44963988178555186,45.0,Low Risk,Lead Source: Outbound,Maintain cadence — deal on track
D01622,2024-02-18,2024-02-26,rep_1,HealthTech,India,Core,Referral,Demo,76464,8,Won,1,2024,2,2024Q1,2024Q1,2024Q1,Enterprise (60K+),Fast (<20d),0.4549763033175355,Q2,0.44873896994464685,44.9,Low Risk,"Large deal: $76,464 | Lead Source: Referral",Maintain cadence — deal on track
D03603,2024-02-25,2024-03-15,rep_21,FinTech,APAC,Core,Partner,Closed,5370,19,Won,1,2024,2,2024Q1,2024Q1,2024Q1,Small (<10K),Fast (<20d),0.5096153846153846,Q1 (Top),0.4494954540893588,44.9,Low Risk,Lead Source: Partner,Maintain cadence — deal on track
D02479,2024-03-02,2024-05-21,rep_2,EdTech,Europe,Core,Inbound,Closed,78824,80,Lost,0,2024,3,2024Q1,2024Q2,2024Q1,Enterprise (60K+),Slow (45-80d),0.46153846153846156,Q2,0.4476413251109411,44.8,Low Risk,"Long cycle: 80d | Large deal: $78,824 | Lead Source: Inbound",Maintain cadence — deal on track
D04552,2024-01-18,2024-01-29,rep_12,FinTech,India,Pro,Inbound,Qualified,5374,11,Won,1,2024,1,2024Q1,2024Q1,2024Q1,Small (<10K),Fast (<20d),0.48333333333333334,Q1 (Top),0.44672598102056327,44.7,Low Risk,Lead Source: Inbound,Maintain cadence — deal on track
D01370,2024-01-26,2024-03-01,rep_6,FinTech,APAC,Pro,Inbound,Qualified,91003,35,Won,1,2024,1,2024Q1,2024Q1,2024Q1,Enterprise (60K+),Normal (20-45d),0.42786069651741293,Q4 (Bottom),0.444800483839394,44.5,Low Risk,"Large deal: $91,003 | Lead Source: Inbound",Maintain cadence — deal on track
D00757,2024-02-09,2024-03-06,rep_19,Ecommerce,Europe,Enterprise,Inbound,Closed,2436,26,Won,1,2024,2,2024Q1,2024Q1,2024Q1,Small (<10K),Normal (20-45d),0.47959183673469385,Q1 (Top),0.4453490585154254,44.5,Low Risk,Lead Source: Inbound,Maintain cadence — deal on track
D04969,2024-01-02,2024-01-29,rep_3,HealthTech,Europe,Pro,Partner,Proposal,14578,27,Lost,0,2024,1,2024Q1,2024Q1,2024Q1,Mid (10-30K),Normal (20-45d),0.4722222222222222,Q1 (Top),0.4438411997043434,44.4,Low Risk,Lead Source: Partner,Maintain cadence — deal on track
D02288,2024-03-02,2024-05-09,rep_10,FinTech,APAC,Core,Inbound,Qualified,55865,68,Lost,0,2024,3,2024Q1,2024Q2,2024Q1,Large (30-60K),Slow (45-80d),0.42408376963350786,Q4 (Bottom),0.4429715491531521,44.3,Low Risk,Lead Source: Inbound,Maintain cadence — deal on track
D01805,2024-01-21,2024-04-14,rep_10,HealthTech,APAC,Pro,Partner,Negotiation,56148,84,Won,1,2024,1,2024Q1,2024Q2,2024Q1,Large (30-60K),Stalled (80d+),0.42408376963350786,Q4 (Bottom),0.44323807490950745,44.3,Low Risk,Long cycle: 84d | Lead Source: Partner,Maintain cadence — deal on track
D03465,2024-03-11,2024-05-16,rep_17,EdTech,Europe,Core,Inbound,Negotiation,99234,66,Lost,0,2024,3,2024Q1,2024Q2,2024Q1,Enterprise (60K+),Slow (45-80d),0.44571428571428573,Q3,0.4416743970727257,44.2,Low Risk,"Large deal: $99,234 | Lead Source: Inbound",Maintain cadence — deal on track
D03664,2024-01-17,2024-03-19,rep_25,Ecommerce,India,Pro,Referral,Qualified,84937,62,Won,1,2024,1,2024Q1,2024Q1,2024Q1,Enterprise (60K+),Slow (45-80d),0.45365853658536587,Q3,0.4405140264729121,44.1,Low Risk,"Large deal: $84,937 | Lead Source: Referral",Maintain cadence — deal on track
D02515,2024-03-22,2024-07-17,rep_20,Ecommerce,North America,Core,Inbound,Proposal,5549,117,Lost,0,2024,3,2024Q1,2024Q3,2024Q1,Small (<10K),Stalled (80d+),0.46956521739130436,Q2,0.4407568112609848,44.1,Low Risk,Long cycle: 117d | Lead Source: Inbound,Maintain cadence — deal on track
D02926,2024-01-29,2024-02-19,rep_17,FinTech,Europe,Core,Inbound,Demo,31313,21,Won,1,2024,1,2024Q1,2024Q1,2024Q1,Large (30-60K),Normal (20-45d),0.44571428571428573,Q3,0.4395404201374234,44.0,Low Risk,Lead Source: Inbound,Maintain cadence — deal on track
D03341,2024-02-20,2024-05-05,rep_1,HealthTech,APAC,Core,Outbound,Demo,26052,75,Won,1,2024,2,2024Q1,2024Q2,2024Q1,Mid (10-30K),Slow (45-80d),0.4549763033175355,Q2,0.44038204773962636,44.0,Low Risk,Lead Source: Outbound,Maintain cadence — deal on track
D02562,2024-01-21,2024-05-20,rep_6,EdTech,Europe,Enterprise,Inbound,Demo,89001,120,Lost,0,2024,1,2024Q1,2024Q2,2024Q1,Enterprise (60K+),Stalled (80d+),0.42786069651741293,Q4 (Bottom),0.4390515548348723,43.9,Low Risk,"Long cycle: 120d | Large deal: $89,001 | Lead Source: Inbound",Maintain cadence — deal on track
D00586,2024-03-15,2024-06-03,rep_6,EdTech,India,Enterprise,Inbound,Negotiation,2199,80,Lost,0,2024,3,2024Q1,2024Q2,2024Q1,Small (<10K),Slow (45-80d),0.42786069651741293,Q4 (Bottom),0.4393188299537631,43.9,Low Risk,Long cycle: 80d | Lead Source: Inbound,Maintain cadence — deal on track
D01416,2024-02-06,2024-05-13,rep_22,EdTech,Europe,Core,Outbound,Negotiation,62848,97,Lost,0,2024,2,2024Q1,2024Q2,2024Q1,Enterprise (60K+),Stalled (80d+),0.4009433962264151,Q4 (Bottom),0.43890858220858864,43.9,Low Risk,"Long cycle: 97d | Large deal: $62,848 | Lead Source: Outbound",Maintain cadence — deal on track
D01271,2024-03-26,2024-04-21,rep_18,Ecommerce,APAC,Enterprise,Outbound,Closed,2970,26,Won,1,2024,3,2024Q1,2024Q2,2024Q1,Small (<10K),Normal (20-45d),0.40860215053763443,Q4 (Bottom),0.43850350608896416,43.9,Low Risk,Lead Source: Outbound,Maintain cadence — deal on track
D04081,2024-03-21,2024-04-10,rep_7,Ecommerce,APAC,Core,Outbound,Demo,6470,20,Won,1,2024,3,2024Q1,2024Q2,2024Q1,Small (<10K),Fast (<20d),0.4166666666666667,Q4 (Bottom),0.438231210677372,43.8,Low Risk,Lead Source: Outbound,Maintain cadence — deal on track
D01672,2024-03-23,2024-06-06,rep_17,SaaS,Europe,Enterprise,Inbound,Closed,17304,75,Lost,0,2024,3,2024Q1,2024Q2,2024Q1,Mid (10-30K),Slow (45-80d),0.44571428571428573,Q3,0.4365226014544018,43.7,Low Risk,Lead Source: Inbound,Maintain cadence — deal on track
D01062,2024-02-15,2024-04-10,rep_21,FinTech,Europe,Pro,Outbound,Qualified,66229,55,Won,1,2024,2,2024Q1,2024Q2,2024Q1,Enterprise (60K+),Slow (45-80d),0.5096153846153846,Q1 (Top),0.43634466849629155,43.6,Low Risk,"Large deal: $66,229 | Lead Source: Outbound",Maintain cadence — deal on track
D03736,2024-02-22,2024-03-09,rep_16,EdTech,APAC,Pro,Outbound,Closed,91864,16,Lost,0,2024,2,2024Q1,2024Q1,2024Q1,Enterprise (60K+),Fast (<20d),0.47085201793721976,Q1 (Top),0.434700547874369,43.5,Low Risk,"Large deal: $91,864 | Lead Source: Outbound",Maintain cadence — deal on track
D00949,2024-02-04,2024-03-22,rep_7,Ecommerce,APAC,Core,Inbound,Proposal,21428,47,Won,1,2024,2,2024Q1,2024Q1,2024Q1,Mid (10-30K),Slow (45-80d),0.4166666666666667,Q4 (Bottom),0.4342757826843633,43.4,Low Risk,Lead Source: Inbound,Maintain cadence — deal on track
D04110,2024-03-24,2024-05-20,rep_8,FinTech,North America,Core,Inbound,Proposal,21269,57,Won,1,2024,3,2024Q1,2024Q2,2024Q1,Mid (10-30K),Slow (45-80d),0.48128342245989303,Q1 (Top),0.43371101522591293,43.4,Low Risk,Lead Source: Inbound,Maintain cadence — deal on track
D02376,2024-02-02,2024-05-08,rep_18,EdTech,India,Pro,Referral,Proposal,28720,96,Lost,0,2024,2,2024Q1,2024Q2,2024Q1,Mid (10-30K),Stalled (80d+),0.40860215053763443,Q4 (Bottom),0.43402836455697374,43.4,Low Risk,Long cycle: 96d | Lead Source: Referral,Maintain cadence — deal on track
D01747,2024-02-15,2024-06-12,rep_2,EdTech,India,Enterprise,Partner,Closed,2970,118,Won,1,2024,2,2024Q1,2024Q2,2024Q1,Small (<10K),Stalled (80d+),0.46153846153846156,Q2,0.4331778892028162,43.3,Low Risk,Long cycle: 118d | Lead Source: Partner,Maintain cadence — deal on track
D04494,2024-02-11,2024-05-26,rep_18,SaaS,North America,Pro,Referral,Closed,60404,105,Won,1,2024,2,2024Q1,2024Q2,2024Q1,Enterprise (60K+),Stalled (80d+),0.40860215053763443,Q4 (Bottom),0.43121454863294983,43.1,Low Risk,"Long cycle: 105d | Large deal: $60,404 | Lead Source: Referral",Maintain cadence — deal on track
D00216,2024-02-17,2024-03-17,rep_20,SaaS,APAC,Pro,Partner,Demo,2789,29,Won,1,2024,2,2024Q1,2024Q1,2024Q1,Small (<10K),Normal (20-45d),0.46956521739130436,Q2,0.4296859919769692,43.0,Low Risk,Lead Source: Partner,Maintain cadence — deal on track
D02580,2024-01-03,2024-03-18,rep_12,HealthTech,North America,Pro,Partner,Demo,2907,75,Lost,0,2024,1,2024Q1,2024Q1,2024Q1,Small (<10K),Slow (45-80d),0.48333333333333334,Q1 (Top),0.43003373559769337,43.0,Low Risk,Lead Source: Partner,Maintain cadence — deal on track
D01592,2024-01-10,2024-02-05,rep_25,HealthTech,North America,Core,Inbound,Negotiation,9934,26,Won,1,2024,1,2024Q1,2024Q1,2024Q1,Small (<10K),Normal (20-45d),0.45365853658536587,Q3,0.43027954379901473,43.0,Low Risk,Lead Source: Inbound,Maintain cadence — deal on track
D01345,2024-03-04,2024-03-20,rep_25,Ecommerce,North America,Pro,Outbound,Demo,12080,16,Won,1,2024,3,2024Q1,2024Q1,2024Q1,Mid (10-30K),Fast (<20d),0.45365853658536587,Q3,0.4287614126982711,42.9,Low Risk,Lead Source: Outbound,Maintain cadence — deal on track
D02145,2024-03-18,2024-06-01,rep_25,FinTech,APAC,Pro,Inbound,Negotiation,7561,75,Lost,0,2024,3,2024Q1,2024Q2,2024Q1,Small (<10K),Slow (45-80d),0.45365853658536587,Q3,0.4293949512376769,42.9,Low Risk,Lead Source: Inbound,Maintain cadence — deal on track
D03880,2024-03-07,2024-04-15,rep_9,FinTech,North America,Core,Inbound,Closed,15100,39,Lost,0,2024,3,2024Q1,2024Q2,2024Q1,Mid (10-30K),Normal (20-45d),0.44623655913978494,Q3,0.4276228367230738,42.8,Low Risk,Lead Source: Inbound,Maintain cadence — deal on track
D00467,2024-02-27,2024-06-05,rep_25,SaaS,APAC,Pro,Referral,Negotiation,3971,99,Won,1,2024,2,2024Q1,2024Q2,2024Q1,Small (<10K),Stalled (80d+),0.45365853658536587,Q3,0.42849403780985723,42.8,Low Risk,Long cycle: 99d | Lead Source: Referral,Maintain cadence — deal on track
D04649,2024-03-12,2024-04-14,rep_21,SaaS,APAC,Pro,Partner,Demo,65563,33,Won,1,2024,3,2024Q1,2024Q2,2024Q1,Enterprise (60K+),Normal (20-45d),0.5096153846153846,Q1 (Top),0.426820895038732,42.7,Low Risk,"Large deal: $65,563 | Lead Source: Partner",Maintain cadence — deal on track
D02632,2024-03-25,2024-07-09,rep_1,Ecommerce,India,Pro,Inbound,Closed,4384,106,Won,1,2024,3,2024Q1,2024Q3,2024Q1,Small (<10K),Stalled (80d+),0.4549763033175355,Q2,0.42656060571454435,42.7,Low Risk,Long cycle: 106d | Lead Source: Inbound,Maintain cadence — deal on track
D01221,2024-01-02,2024-02-21,rep_20,SaaS,North America,Pro,Outbound,Proposal,5250,50,Lost,0,2024,1,2024Q1,2024Q1,2024Q1,Small (<10K),Slow (45-80d),0.46956521739130436,Q2,0.4257931380187011,42.6,Low Risk,Lead Source: Outbound,Maintain cadence — deal on track
D00894,2024-02-22,2024-03-08,rep_11,HealthTech,Europe,Pro,Partner,Qualified,5501,15,Won,1,2024,2,2024Q1,2024Q1,2024Q1,Small (<10K),Fast (<20d),0.465,Q2,0.42566103050776705,42.6,Low Risk,Lead Source: Partner,Maintain cadence — deal on track
D02820,2024-01-15,2024-02-05,rep_19,SaaS,Europe,Pro,Inbound,Negotiation,99206,21,Lost,0,2024,1,2024Q1,2024Q1,2024Q1,Enterprise (60K+),Normal (20-45d),0.47959183673469385,Q1 (Top),0.4256251544675337,42.6,Low Risk,"Large deal: $99,206 | Lead Source: Inbound",Maintain cadence — deal on track
D03796,2024-02-01,2024-04-02,rep_12,FinTech,APAC,Pro,Inbound,Negotiation,50891,61,Won,1,2024,2,2024Q1,2024Q2,2024Q1,Large (30-60K),Slow (45-80d),0.48333333333333334,Q1 (Top),0.4245910041472937,42.5,Low Risk,Lead Source: Inbound,Maintain cadence — deal on track
D01906,2024-01-21,2024-03-23,rep_16,SaaS,North America,Pro,Partner,Closed,2934,62,Lost,0,2024,1,2024Q1,2024Q1,2024Q1,Small (<10K),Slow (45-80d),0.47085201793721976,Q1 (Top),0.4237775276095728,42.4,Low Risk,Lead Source: Partner,Maintain cadence — deal on track
D04405,2024-02-25,2024-03-08,rep_18,Ecommerce,India,Pro,Partner,Demo,12269,12,Won,1,2024,2,2024Q1,2024Q1,2024Q1,Mid (10-30K),Fast (<20d),0.40860215053763443,Q4 (Bottom),0.4241431050763481,42.4,Low Risk,Lead Source: Partner,Maintain cadence — deal on track
D01321,2024-02-12,2024-05-14,rep_20,FinTech,North America,Pro,Inbound,Qualified,4035,92,Lost,0,2024,2,2024Q1,2024Q2,2024Q1,Small (<10K),Stalled (80d+),0.46956521739130436,Q2,0.42049631884806504,42.0,Low Risk,Long cycle: 92d | Lead Source: Inbound,Maintain cadence — deal on track
D03892,2024-03-11,2024-06-23,rep_21,EdTech,India,Enterprise,Inbound,Demo,50753,104,Lost,0,2024,3,2024Q1,2024Q2,2024Q1,Large (30-60K),Stalled (80d+),0.5096153846153846,Q1 (Top),0.420256916513062,42.0,Low Risk,Long cycle: 104d | Lead Source: Inbound,Maintain cadence — deal on track
D01107,2024-02-08,2024-02-21,rep_6,Ecommerce,North America,Enterprise,Outbound,Negotiation,10317,13,Lost,0,2024,2,2024Q1,2024Q1,2024Q1,Mid (10-30K),Fast (<20d),0.42786069651741293,Q4 (Bottom),0.41902790370677667,41.9,Low Risk,Lead Source: Outbound,Maintain cadence — deal on track
D00711,2024-01-10,2024-03-10,rep_5,SaaS,North America,Enterprise,Outbound,Negotiation,16286,60,Lost,0,2024,1,2024Q1,2024Q1,2024Q1,Mid (10-30K),Slow (45-80d),0.4577114427860697,Q2,0.4187815215265475,41.9,Low Risk,Lead Source: Outbound,Maintain cadence — deal on track
D01379,2024-03-09,2024-03-20,rep_3,SaaS,North America,Pro,Inbound,Demo,4986,11,Lost,0,2024,3,2024Q1,2024Q1,2024Q1,Small (<10K),Fast (<20d),0.4722222222222222,Q1 (Top),0.41709795986946635,41.7,Low Risk,Lead Source: Inbound,Maintain cadence — deal on track
D04359,2024-02-22,2024-03-18,rep_23,HealthTech,APAC,Pro,Partner,Qualified,14736,25,Won,1,2024,2,2024Q1,2024Q1,2024Q1,Mid (10-30K),Normal (20-45d),0.44565217391304346,Q3,0.4172172204174404,41.7,Low Risk,Lead Source: Partner,Maintain cadence — deal on track
D00185,2024-01-29,2024-02-16,rep_6,FinTech,India,Pro,Outbound,Negotiation,3902,18,Lost,0,2024,1,2024Q1,2024Q1,2024Q1,Small (<10K),Fast (<20d),0.42786069651741293,Q4 (Bottom),0.4169619687273854,41.7,Low Risk,Lead Source: Outbound,Maintain cadence — deal on track
D00580,2024-01-04,2024-02-04,rep_23,SaaS,North America,Pro,Outbound,Qualified,4209,31,Lost,0,2024,1,2024Q1,2024Q1,2024Q1,Small (<10K),Normal (20-45d),0.44565217391304346,Q3,0.4159650675891562,41.6,Low Risk,Lead Source: Outbound,Maintain cadence — deal on track
D03752,2024-02-04,2024-02-27,rep_15,FinTech,Europe,Pro,Partner,Closed,4601,23,Lost,0,2024,2,2024Q1,2024Q1,2024Q1,Small (<10K),Normal (20-45d),0.44571428571428573,Q3,0.41568781429906937,41.6,Low Risk,Lead Source: Partner,Maintain cadence — deal on track
D04318,2024-02-06,2024-04-14,rep_23,FinTech,India,Enterprise,Referral,Closed,2038,68,Lost,0,2024,2,2024Q1,2024Q2,2024Q1,Small (<10K),Slow (45-80d),0.44565217391304346,Q3,0.41624215802783265,41.6,Low Risk,Lead Source: Referral,Maintain cadence — deal on track
D01606,2024-03-06,2024-03-26,rep_2,SaaS,North America,Core,Inbound,Qualified,4057,20,Won,1,2024,3,2024Q1,2024Q1,2024Q1,Small (<10K),Fast (<20d),0.46153846153846156,Q2,0.4152709810842056,41.5,Low Risk,Lead Source: Inbound,Maintain cadence — deal on track
D02937,2024-03-16,2024-06-22,rep_16,FinTech,APAC,Enterprise,Inbound,Qualified,4030,98,Won,1,2024,3,2024Q1,2024Q2,2024Q1,Small (<10K),Stalled (80d+),0.47085201793721976,Q1 (Top),0.4150152558881663,41.5,Low Risk,Long cycle: 98d | Lead Source: Inbound,Maintain cadence — deal on track
D02704,2024-02-10,2024-05-15,rep_11,Ecommerce,Europe,Core,Inbound,Demo,93129,95,Won,1,2024,2,2024Q1,2024Q2,2024Q1,Enterprise (60K+),Stalled (80d+),0.465,Q2,0.4113853938597783,41.1,Low Risk,"Long cycle: 95d | Large deal: $93,129 | Lead Source: Inbound",Maintain cadence — deal on track
D03112,2024-01-24,2024-02-05,rep_14,EdTech,North America,Pro,Inbound,Qualified,5313,12,Lost,0,2024,1,2024Q1,2024Q1,2024Q1,Small (<10K),Fast (<20d),0.4396135265700483,Q4 (Bottom),0.4102500954176035,41.0,Low Risk,Lead Source: Inbound,Maintain cadence — deal on track
D04239,2024-03-10,2024-03-21,rep_6,Ecommerce,Europe,Core,Partner,Closed,4224,11,Won,1,2024,3,2024Q1,2024Q1,2024Q1,Small (<10K),Fast (<20d),0.42786069651741293,Q4 (Bottom),0.4096467132043168,41.0,Low Risk,Lead Source: Partner,Maintain cadence — deal on track
D02962,2024-01-10,2024-03-22,rep_15,FinTech,India,Enterprise,Inbound,Qualified,7885,72,Lost,0,2024,1,2024Q1,2024Q1,2024Q1,Small (<10K),Slow (45-80d),0.44571428571428573,Q3,0.4090652369022948,40.9,Low Risk,Lead Source: Inbound,Maintain cadence — deal on track
D01871,2024-02-02,2024-04-23,rep_6,SaaS,India,Core,Partner,Closed,4172,81,Lost,0,2024,2,2024Q1,2024Q2,2024Q1,Small (<10K),Stalled (80d+),0.42786069651741293,Q4 (Bottom),0.40793577841574624,40.8,Low Risk,Long cycle: 81d | Lead Source: Partner,Maintain cadence — deal on track
D02956,2024-03-14,2024-06-25,rep_18,EdTech,Europe,Enterprise,Referral,Proposal,56057,103,Lost,0,2024,3,2024Q1,2024Q2,2024Q1,Large (30-60K),Stalled (80d+),0.40860215053763443,Q4 (Bottom),0.4048586270233846,40.5,Low Risk,Long cycle: 103d | Lead Source: Referral,Maintain cadence — deal on track
D02040,2024-02-20,2024-05-05,rep_9,EdTech,North America,Core,Inbound,Demo,6622,75,Won,1,2024,2,2024Q1,2024Q2,2024Q1,Small (<10K),Slow (45-80d),0.44623655913978494,Q3,0.4036534879778646,40.4,Low Risk,Lead Source: Inbound,Maintain cadence — deal on track
D03632,2024-02-20,2024-04-19,rep_17,Ecommerce,Europe,Enterprise,Referral,Proposal,78373,59,Won,1,2024,2,2024Q1,2024Q2,2024Q1,Enterprise (60K+),Slow (45-80d),0.44571428571428573,Q3,0.39970660483465453,40.0,Low Risk,"Large deal: $78,373 | Lead Source: Referral",Maintain cadence — deal on track
D01791,2024-01-20,2024-04-27,rep_21,Ecommerce,India,Core,Referral,Closed,80654,98,Won,1,2024,1,2024Q1,2024Q2,2024Q1,Enterprise (60K+),Stalled (80d+),0.5096153846153846,Q1 (Top),0.39993712762150124,40.0,Low Risk,"Long cycle: 98d | Large deal: $80,654 | Lead Source: Referral",Maintain cadence — deal on track
D01437,2024-01-14,2024-02-28,rep_5,SaaS,North America,Pro,Inbound,Qualified,2214,45,Won,1,2024,1,2024Q1,2024Q1,2024Q1,Small (<10K),Normal (20-45d),0.4577114427860697,Q2,0.39800455053093525,39.8,Low Risk,Lead Source: Inbound,Maintain cadence — deal on track
D03132,2024-03-11,2024-05-09,rep_12,EdTech,North America,Core,Outbound,Demo,66176,59,Lost,0,2024,3,2024Q1,2024Q2,2024Q1,Enterprise (60K+),Slow (45-80d),0.48333333333333334,Q1 (Top),0.39482744034549905,39.5,Low Risk,"Large deal: $66,176 | Lead Source: Outbound",Maintain cadence — deal on track
D01598,2024-03-05,2024-06-21,rep_20,EdTech,Europe,Enterprise,Referral,Closed,48130,108,Won,1,2024,3,2024Q1,2024Q2,2024Q1,Large (30-60K),Stalled (80d+),0.46956521739130436,Q2,0.39545819485863465,39.5,Low Risk,Long cycle: 108d | Lead Source: Referral,Maintain cadence — deal on track
D02230,2024-02-24,2024-06-09,rep_15,SaaS,India,Enterprise,Inbound,Negotiation,96386,106,Lost,0,2024,2,2024Q1,2024Q2,2024Q1,Enterprise (60K+),Stalled (80d+),0.44571428571428573,Q3,0.3950304146657896,39.5,Low Risk,"Long cycle: 106d | Large deal: $96,386 | Lead Source: Inbound",Maintain cadence — deal on track
D01176,2024-01-20,2024-02-05,rep_21,EdTech,North America,Core,Partner,Demo,12536,16,Lost,0,2024,1,2024Q1,2024Q1,2024Q1,Mid (10-30K),Fast (<20d),0.5096153846153846,Q1 (Top),0.3946939383819954,39.5,Low Risk,Lead Source: Partner,Maintain cadence — deal on track
D02618,2024-02-09,2024-04-10,rep_20,Ecommerce,North America,Pro,Inbound,Closed,66667,61,Lost,0,2024,2,2024Q1,2024Q2,2024Q1,Enterprise (60K+),Slow (45-80d),0.46956521739130436,Q2,0.39542354718544803,39.5,Low Risk,"Large deal: $66,667 | Lead Source: Inbound",Maintain cadence — deal on track
D00881,2024-01-10,2024-02-21,rep_21,EdTech,Europe,Pro,Outbound,Negotiation,2128,42,Won,1,2024,1,2024Q1,2024Q1,2024Q1,Small (<10K),Normal (20-45d),0.5096153846153846,Q1 (Top),0.38793026872965486,38.8,Low Risk,Lead Source: Outbound,Maintain cadence — deal on track
D04315,2024-01-26,2024-04-26,rep_22,SaaS,Europe,Pro,Partner,Demo,62140,91,Lost,0,2024,1,2024Q1,2024Q2,2024Q1,Enterprise (60K+),Stalled (80d+),0.4009433962264151,Q4 (Bottom),0.38357131444464615,38.4,Low Risk,"Long cycle: 91d | Large deal: $62,140 | Lead Source: Partner",Maintain cadence — deal on track
D03309,2024-01-07,2024-02-07,rep_15,FinTech,Europe,Core,Outbound,Demo,57735,31,Lost,0,2024,1,2024Q1,2024Q1,2024Q1,Large (30-60K),Normal (20-45d),0.44571428571428573,Q3,0.3820039443784411,38.2,Low Risk,Lead Source: Outbound,Maintain cadence — deal on track
D01006,2024-02-25,2024-04-09,rep_10,FinTech,Europe,Enterprise,Partner,Demo,4059,44,Lost,0,2024,2,2024Q1,2024Q2,2024Q1,Small (<10K),Normal (20-45d),0.42408376963350786,Q4 (Bottom),0.3823226335447897,38.2,Low Risk,Lead Source: Partner,Maintain cadence — deal on track
D03209,2024-02-14,2024-03-08,rep_17,Ecommerce,APAC,Core,Outbound,Negotiation,77736,23,Won,1,2024,2,2024Q1,2024Q1,2024Q1,Enterprise (60K+),Normal (20-45d),0.44571428571428573,Q3,0.3820126804056309,38.2,Low Risk,"Large deal: $77,736 | Lead Source: Outbound",Maintain cadence — deal on track
D02287,2024-01-10,2024-03-31,rep_9,HealthTech,India,Enterprise,Referral,Proposal,2666,81,Won,1,2024,1,2024Q1,2024Q1,2024Q1,Small (<10K),Stalled (80d+),0.44623655913978494,Q3,0.3804483677490729,38.0,Low Risk,Long cycle: 81d | Lead Source: Referral,Maintain cadence — deal on track
D01723,2024-01-02,2024-05-01,rep_19,EdTech,Europe,Core,Inbound,Proposal,11175,120,Lost,0,2024,1,2024Q1,2024Q2,2024Q1,Mid (10-30K),Stalled (80d+),0.47959183673469385,Q1 (Top),0.3793009581058296,37.9,Low Risk,Long cycle: 120d | Lead Source: Inbound,Maintain cadence — deal on track
D02005,2024-01-29,2024-02-24,rep_8,SaaS,APAC,Pro,Inbound,Negotiation,14954,26,Lost,0,2024,1,2024Q1,2024Q1,2024Q1,Mid (10-30K),Normal (20-45d),0.48128342245989303,Q1 (Top),0.37829374336488053,37.8,Low Risk,Lead Source: Inbound,Maintain cadence — deal on track
D00420,2024-01-30,2024-03-08,rep_16,FinTech,APAC,Core,Referral,Qualified,80387,38,Lost,0,2024,1,2024Q1,2024Q1,2024Q1,Enterprise (60K+),Normal (20-45d),0.47085201793721976,Q1 (Top),0.37670393680331365,37.7,Low Risk,"Large deal: $80,387 | Lead Source: Referral",Maintain cadence — deal on track
D04962,2024-03-07,2024-05-12,rep_24,HealthTech,North America,Core,Partner,Proposal,67665,66,Won,1,2024,3,2024Q1,2024Q2,2024Q1,Enterprise (60K+),Slow (45-80d),0.4482758620689655,Q3,0.37733256562576145,37.7,Low Risk,"Large deal: $67,665 | Lead Source: Partner",Maintain cadence — deal on track
D00213,2024-01-04,2024-03-20,rep_3,FinTech,North America,Pro,Outbound,Qualified,27698,76,Lost,0,2024,1,2024Q1,2024Q1,2024Q1,Mid (10-30K),Slow (45-80d),0.4722222222222222,Q1 (Top),0.37694171832936985,37.7,Low Risk,Long cycle: 76d | Lead Source: Outbound,Maintain cadence — deal on track
D04460,2024-01-06,2024-01-31,rep_8,EdTech,APAC,Core,Inbound,Closed,15384,25,Lost,0,2024,1,2024Q1,2024Q1,2024Q1,Mid (10-30K),Normal (20-45d),0.48128342245989303,Q1 (Top),0.375617498361248,37.6,Low Risk,Lead Source: Inbound,Maintain cadence — deal on track
D01002,2024-01-15,2024-02-11,rep_21,FinTech,Europe,Core,Outbound,Qualified,31274,27,Won,1,2024,1,2024Q1,2024Q1,2024Q1,Large (30-60K),Normal (20-45d),0.5096153846153846,Q1 (Top),0.3753230300239833,37.5,Low Risk,Lead Source: Outbound,Maintain cadence — deal on track
D02497,2024-02-20,2024-06-09,rep_14,EdTech,APAC,Core,Inbound,Demo,44225,110,Won,1,2024,2,2024Q1,2024Q2,2024Q1,Large (30-60K),Stalled (80d+),0.4396135265700483,Q4 (Bottom),0.37051244674330097,37.1,Low Risk,Long cycle: 110d | Lead Source: Inbound,Maintain cadence — deal on track
D03928,2024-03-07,2024-04-11,rep_24,FinTech,India,Pro,Outbound,Qualified,2750,35,Lost,0,2024,3,2024Q1,2024Q2,2024Q1,Small (<10K),Normal (20-45d),0.4482758620689655,Q3,0.3704986695158622,37.0,Low Risk,Lead Source: Outbound,Maintain cadence — deal on track
D00879,2024-03-23,2024-07-09,rep_21,EdTech,APAC,Pro,Inbound,Qualified,4039,108,Won,1,2024,3,2024Q1,2024Q3,2024Q1,Small (<10K),Stalled (80d+),0.5096153846153846,Q1 (Top),0.36958455944465207,37.0,Low Risk,Long cycle: 108d | Lead Source: Inbound,Maintain cadence — deal on track
D04390,2024-01-14,2024-03-26,rep_9,SaaS,North America,Core,Inbound,Proposal,7869,72,Lost,0,2024,1,2024Q1,2024Q1,2024Q1,Small (<10K),Slow (45-80d),0.44623655913978494,Q3,0.3681961741946785,36.8,Low Risk,Lead Source: Inbound,Maintain cadence — deal on track
D00044,2024-03-10,2024-04-01,rep_11,Ecommerce,India,Enterprise,Referral,Closed,89616,22,Lost,0,2024,3,2024Q1,2024Q2,2024Q1,Enterprise (60K+),Normal (20-45d),0.465,Q2,0.3597404512250149,36.0,Low Risk,"Large deal: $89,616 | Lead Source: Referral",Maintain cadence — deal on track
D01531,2024-03-10,2024-04-07,rep_4,HealthTech,India,Core,Partner,Negotiation,2643,28,Lost,0,2024,3,2024Q1,2024Q2,2024Q1,Small (<10K),Normal (20-45d),0.458128078817734,Q2,0.35160899824188385,35.2,Low Risk,Lead Source: Partner,Maintain cadence — deal on track
D02970,2024-01-10,2024-04-30,rep_8,Ecommerce,India,Pro,Referral,Demo,64103,111,Lost,0,2024,1,2024Q1,2024Q2,2024Q1,Enterprise (60K+),Stalled (80d+),0.48128342245989303,Q1 (Top),0.3516674647178421,35.2,Low Risk,"Long cycle: 111d | Large deal: $64,103 | Lead Source: Referral",Maintain cadence — deal on track
D00808,2024-01-19,2024-03-16,rep_3,Ecommerce,India,Enterprise,Partner,Qualified,2052,57,Lost,0,2024,1,2024Q1,2024Q1,2024Q1,Small (<10K),Slow (45-80d),0.4722222222222222,Q1 (Top),0.3498622215160885,35.0,Low Risk,Lead Source: Partner,Maintain cadence — deal on track
D03710,2024-01-27,2024-05-23,rep_20,Ecommerce,APAC,Core,Referral,Demo,82445,117,Lost,0,2024,1,2024Q1,2024Q2,2024Q1,Enterprise (60K+),Stalled (80d+),0.46956521739130436,Q2,0.34844829395786403,34.8,Low Risk,"Long cycle: 117d | Large deal: $82,445 | Lead Source: Referral",Maintain cadence — deal on track
D01623,2024-02-24,2024-05-10,rep_22,FinTech,APAC,Core,Inbound,Demo,2865,76,Lost,0,2024,2,2024Q1,2024Q2,2024Q1,Small (<10K),Slow (45-80d),0.4009433962264151,Q4 (Bottom),0.3470762008050708,34.7,Low Risk,Long cycle: 76d | Lead Source: Inbound,Maintain cadence — deal on track
D03869,2024-01-07,2024-01-28,rep_16,SaaS,North America,Pro,Inbound,Negotiation,4094,21,Lost,0,2024,1,2024Q1,2024Q1,2024Q1,Small (<10K),Normal (20-45d),0.47085201793721976,Q1 (Top),0.3469249070908647,34.7,Low Risk,Lead Source: Inbound,Maintain cadence — deal on track
D04103,2024-02-04,2024-02-25,rep_7,SaaS,Europe,Core,Inbound,Negotiation,15070,21,Lost,0,2024,2,2024Q1,2024Q1,2024Q1,Mid (10-30K),Normal (20-45d),0.4166666666666667,Q4 (Bottom),0.3468797712023661,34.7,Low Risk,Lead Source: Inbound,Maintain cadence — deal on track
D01189,2024-03-06,2024-04-15,rep_2,HealthTech,India,Core,Referral,Negotiation,2233,40,Lost,0,2024,3,2024Q1,2024Q2,2024Q1,Small (<10K),Normal (20-45d),0.46153846153846156,Q2,0.34483822363637684,34.5,Low Risk,Lead Source: Referral,Maintain cadence — deal on track
D01017,2024-03-20,2024-06-18,rep_2,EdTech,India,Enterprise,Referral,Qualified,90964,90,Won,1,2024,3,2024Q1,2024Q2,2024Q1,Enterprise (60K+),Stalled (80d+),0.46153846153846156,Q2,0.33960905656348706,34.0,Low Risk,"Long cycle: 90d | Large deal: $90,964 | Lead Source: Referral",Maintain cadence — deal on track
D01440,2024-01-21,2024-02-02,rep_5,FinTech,North America,Enterprise,Inbound,Qualified,9523,12,Won,1,2024,1,2024Q1,2024Q1,2024Q1,Small (<10K),Fast (<20d),0.4577114427860697,Q2,0.338680579060736,33.9,Low Risk,Lead Source: Inbound,Maintain cadence — deal on track
D04331,2024-03-09,2024-07-07,rep_23,Ecommerce,India,Enterprise,Referral,Qualified,2713,120,Lost,0,2024,3,2024Q1,2024Q3,2024Q1,Small (<10K),Stalled (80d+),0.44565217391304346,Q3,0.33832495415930786,33.8,Low Risk,Long cycle: 120d | Lead Source: Referral,Maintain cadence — deal on track
D02316,2024-01-11,2024-05-10,rep_22,SaaS,Europe,Core,Referral,Closed,6510,120,Lost,0,2024,1,2024Q1,2024Q2,2024Q1,Small (<10K),Stalled (80d+),0.4009433962264151,Q4 (Bottom),0.33557110491997943,33.6,Low Risk,Long cycle: 120d | Lead Source: Referral,Maintain cadence — deal on track
D02721,2024-01-01,2024-03-10,rep_15,HealthTech,Europe,Pro,Outbound,Proposal,2014,69,Won,1,2024,1,2024Q1,2024Q1,2024Q1,Small (<10K),Slow (45-80d),0.44571428571428573,Q3,0.3351656691146307,33.5,Low Risk,Lead Source: Outbound,Maintain cadence — deal on track
D01086,2024-03-05,2024-05-17,rep_23,HealthTech,India,Enterprise,Referral,Proposal,2640,73,Won,1,2024,3,2024Q1,2024Q2,2024Q1,Small (<10K),Slow (45-80d),0.44565217391304346,Q3,0.33060897248244614,33.1,Low Risk,Lead Source: Referral,Maintain cadence — deal on track
D03392,2024-03-14,2024-07-09,rep_24,HealthTech,APAC,Core,Referral,Negotiation,58887,117,Lost,0,2024,3,2024Q1,2024Q3,2024Q1,Large (30-60K),Stalled (80d+),0.4482758620689655,Q3,0.3305111946221482,33.1,Low Risk,Long cycle: 117d | Lead Source: Referral,Maintain cadence — deal on track
D03696,2024-03-12,2024-03-24,rep_15,HealthTech,APAC,Core,Outbound,Closed,4828,12,Lost,0,2024,3,2024Q1,2024Q1,2024Q1,Small (<10K),Fast (<20d),0.44571428571428573,Q3,0.3296617840727433,33.0,Low Risk,Lead Source: Outbound,Maintain cadence — deal on track
D04509,2024-02-21,2024-03-08,rep_3,FinTech,North America,Core,Inbound,Closed,14765,16,Won,1,2024,2,2024Q1,2024Q1,2024Q1,Mid (10-30K),Fast (<20d),0.4722222222222222,Q1 (Top),0.3268807918966977,32.7,Low Risk,Lead Source: Inbound,Maintain cadence — deal on track
D03823,2024-03-19,2024-04-09,rep_10,SaaS,APAC,Pro,Partner,Demo,4114,21,Won,1,2024,3,2024Q1,2024Q2,2024Q1,Small (<10K),Normal (20-45d),0.42408376963350786,Q4 (Bottom),0.3232836287021288,32.3,Low Risk,Lead Source: Partner,Maintain cadence — deal on track
D00339,2024-02-26,2024-03-09,rep_11,Ecommerce,Europe,Pro,Referral,Closed,88195,12,Won,1,2024,2,2024Q1,2024Q1,2024Q1,Enterprise (60K+),Fast (<20d),0.465,Q2,0.3190572034911001,31.9,Low Risk,"Large deal: $88,195 | Lead Source: Referral",Maintain cadence — deal on track
D03840,2024-02-13,2024-06-09,rep_1,FinTech,North America,Enterprise,Partner,Negotiation,4081,117,Won,1,2024,2,2024Q1,2024Q2,2024Q1,Small (<10K),Stalled (80d+),0.4549763033175355,Q2,0.3184316430985736,31.8,Low Risk,Long cycle: 117d | Lead Source: Partner,Maintain cadence — deal on track
D01483,2024-01-09,2024-01-21,rep_7,HealthTech,India,Enterprise,Referral,Negotiation,2322,12,Lost,0,2024,1,2024Q1,2024Q1,2024Q1,Small (<10K),Fast (<20d),0.4166666666666667,Q4 (Bottom),0.31714588220185813,31.7,Low Risk,Lead Source: Referral,Maintain cadence — deal on track
D03983,2024-03-13,2024-03-25,rep_6,EdTech,India,Pro,Inbound,Closed,99784,12,Lost,0,2024,3,2024Q1,2024Q1,2024Q1,Enterprise (60K+),Fast (<20d),0.42786069651741293,Q4 (Bottom),0.31578805022993134,31.6,Low Risk,"Large deal: $99,784 | Lead Source: Inbound",Maintain cadence — deal on track
D04613,2024-02-26,2024-06-22,rep_4,SaaS,India,Pro,Referral,Closed,67810,117,Won,1,2024,2,2024Q1,2024Q2,2024Q1,Enterprise (60K+),Stalled (80d+),0.458128078817734,Q2,0.31477446958324007,31.5,Low Risk,"Long cycle: 117d | Large deal: $67,810 | Lead Source: Referral",Maintain cadence — deal on track
D03457,2024-02-21,2024-06-20,rep_24,SaaS,North America,Core,Partner,Qualified,4130,120,Lost,0,2024,2,2024Q1,2024Q2,2024Q1,Small (<10K),Stalled (80d+),0.4482758620689655,Q3,0.3134649654249547,31.3,Low Risk,Long cycle: 120d | Lead Source: Partner,Maintain cadence — deal on track
D02097,2024-02-01,2024-02-13,rep_2,Ecommerce,North America,Core,Inbound,Proposal,17815,12,Won,1,2024,2,2024Q1,2024Q1,2024Q1,Mid (10-30K),Fast (<20d),0.46153846153846156,Q2,0.3102280811501177,31.0,Low Risk,Lead Source: Inbound,Maintain cadence — deal on track
D04361,2024-02-01,2024-05-07,rep_17,SaaS,Europe,Enterprise,Outbound,Negotiation,2223,96,Won,1,2024,2,2024Q1,2024Q2,2024Q1,Small (<10K),Stalled (80d+),0.44571428571428573,Q3,0.2933781089441882,29.3,Low Risk,Long cycle: 96d | Lead Source: Outbound,Maintain cadence — deal on track
D02199,2024-03-20,2024-04-01,rep_2,SaaS,APAC,Pro,Outbound,Demo,8325,12,Lost,0,2024,3,2024Q1,2024Q2,2024Q1,Small (<10K),Fast (<20d),0.46153846153846156,Q2,0.27670991670244177,27.7,Low Risk,Lead Source: Outbound,Maintain cadence — deal on track
D02641,2024-02-12,2024-02-19,rep_18,SaaS,India,Pro,Partner,Qualified,94892,7,Won,1,2024,2,2024Q1,2024Q1,2024Q1,Enterprise (60K+),Fast (<20d),0.40860215053763443,Q4 (Bottom),0.2646558617755902,26.5,Low Risk,"Large deal: $94,892 | Lead Source: Partner",Maintain cadence — deal on track
D00273,2024-02-18,2024-04-19,rep_16,Ecommerce,APAC,Core,Referral,Qualified,95582,61,Won,1,2024,2,2024Q1,2024Q2,2024Q1,Enterprise (60K+),Slow (45-80d),0.47085201793721976,Q1 (Top),0.2301396751304561,23.0,Low Risk,"Large deal: $95,582 | Lead Source: Referral",Maintain cadence — deal on track
D04413,2024-02-01,2024-04-15,rep_2,Ecommerce,India,Enterprise,Referral,Proposal,96443,74,Won,1,2024,2,2024Q1,2024Q2,2024Q1,Enterprise (60K+),Slow (45-80d),0.46153846153846156,Q2,0.20006861471501008,20.0,Low Risk,"Large deal: $96,443 | Lead Source: Referral",Maintain cadence — deal on track
D03426,2024-01-13,2024-02-06,rep_7,SaaS,India,Pro,Outbound,Proposal,2057,24,Lost,0,2024,1,2024Q1,2024Q1,2024Q1,Small (<10K),Normal (20-45d),0.4166666666666667,Q4 (Bottom),0.19691108943065402,19.7,Low Risk,Lead Source: Outbound,Maintain cadence — deal on track
D04588,2024-03-16,2024-03-29,rep_11,FinTech,India,Pro,Referral,Closed,96060,13,Lost,0,2024,3,2024Q1,2024Q1,2024Q1,Enterprise (60K+),Fast (<20d),0.465,Q2,0.19061403098228114,19.1,Low Risk,"Large deal: $96,060 | Lead Source: Referral",Maintain cadence — deal on track
D03083,2024-03-10,2024-05-07,rep_8,SaaS,North America,Pro,Partner,Qualified,2225,58,Won,1,2024,3,2024Q1,2024Q2,2024Q1,Small (<10K),Slow (45-80d),0.48128342245989303,Q1 (Top),0.1589181621448769,15.9,Low Risk,Lead Source: Partner,Maintain cadence — deal on track
